bookingno_i	Employee No	user_sign	Start Date	Start Time	End Date	End Time	Duration Full	Scope	Shift Group	Type	WO/TC	TC reference	Closing date	Description	Workpackage	A/C model	A/C age	WP start	WP end	Real date of booking entry	project
6560032	50674	BAKULER	13.06.2021	21:30	13.06.2021	23:08	1.630000	MECH	LM_A	S	5569992			7D STORAGE PERIODIC GROUND CHECK PERFORM FINNAIR TC 101200-001 STORAGE PERIODIC GRO	OH-LZN/L-140621 7D STORAGE	32B	4.238356	14.06.2021	14.06.2021	13.06.2021	FIN/PAR-21
6560031	50424	MALYB	13.06.2021	21:30	13.06.2021	23:05	1.580000	MECH	LM_A	S	5569992			7D STORAGE PERIODIC GROUND CHECK PERFORM FINNAIR TC 101200-001 STORAGE PERIODIC GRO	OH-LZN/L-140621 7D STORAGE	32B	4.238356	14.06.2021	14.06.2021	13.06.2021	FIN/PAR-21
6560020	50449	SYNCAKT	13.06.2021	16:28	13.06.2021	17:30	1.030000	MECH-ENG	HM_L3_E_B	M	5567403	291000-002		FINDING (NRC) TASKCARD 291000-002 (1.0) / ITEM 1 L/H PYLON: AFT  ENGINE FIRE-EXTINGUISHER BOTTLE (S	OH-LZK/H-21 C04	32B	7.320547	05.06.2021	15.06.2021	13.06.2021	LZK/C04-ROF-21
6560017	50445	MESTEKA	13.06.2021	17:02	13.06.2021	18:15	1.220000	MECH	LM_A	TC	10-120-07-COMP			INFO ONLY - GENERAL AIRPLANE SERVICE AND PROTECTION ON 30 DAY (1 MONTH	FTO/L-040621 LONG TERM ST INIT	73J	14.024657	04.06.2021	04.06.2021	13.06.2021	
6560004	51131	JENCOA	13.06.2021	06:30	13.06.2021	17:55	11.420000	MECH-INT	HM_L4_I_A	S	5570568			#1# LH WING-TORQUE TUBE TO INBD CARRIAGE OF INBD F MANDATORY: PERFORM 737-57A1314 (SERVICE BULLETIN)	OK-FTP/H-21 BRIDGE	73J	13.939726	03.06.2021	24.06.2021	13.06.2021	FTP/8Y-CR-21
6560003	51886	HANZLU	13.06.2021	06:30	13.06.2021	17:55	11.420000	MECH-INT	HM_L4_I_A	S	5570568			#1# LH WING-TORQUE TUBE TO INBD CARRIAGE OF INBD F MANDATORY: PERFORM 737-57A1314 (SERVICE BULLETIN)	OK-FTP/H-21 BRIDGE	73J	13.939726	03.06.2021	24.06.2021	13.06.2021	FTP/8Y-CR-21
6559997	50638	RADAL	13.06.2021	12:31	13.06.2021	17:30	4.980000	MECH-INT	HM_L3_I_B	S	5564834			INT OPENING  FOR SCHEDULED ROUTINE TASKS SYSTEM: INTERIOR  OPEN ACCESS PANELS REQUIRED BY S	OH-LZK/H-21 C04	32B	7.320547	05.06.2021	15.06.2021	13.06.2021	LZK/C04-RW-21
6559996	50638	RADAL	13.06.2021	08:58	13.06.2021	11:29	2.520000	MECH-INT	HM_L3_I_B	S	5564834			INT OPENING  FOR SCHEDULED ROUTINE TASKS SYSTEM: INTERIOR  OPEN ACCESS PANELS REQUIRED BY S	OH-LZK/H-21 C04	32B	7.320547	05.06.2021	15.06.2021	13.06.2021	LZK/C04-RW-21
6559987	50449	SYNCAKT	13.06.2021	17:30	13.06.2021	17:40	0.170000	MECH-ENG	HM_L3_E_B	M	5570007	5567421	13.06.2021	FINDING #1(NRC) W/O 5567421 ENG#1 .COMMON NOZZLE ASSEMBLY HAS BEEN REMOVED DUE	OH-LZK/H-21 C04	32B	7.320547	05.06.2021	15.06.2021	13.06.2021	LZK/C04-CRF-21
6559986	51217	POLAKI	13.06.2021	10:00	13.06.2021	10:30	0.500000	AVIO	HM_L2_A_B	S	5428056			AVIO OPENING FOR SCHEDULED ROUTINE TASKS SYSTEM: AVIONIC   OPEN ACCESS PANELS REQUIRED BY S	GFS/H-21/K+2K+4K+C+ADD WORKS	ATR-72	19.652054	01.06.2021	21.06.2021	13.06.2021	GFS/MAY-RO-21
6559974	51569	PAVLIKO	13.06.2021	15:22	13.06.2021	17:34	2.200000	MECH-INT	HM_L3_I_B	S	5564834			INT OPENING  FOR SCHEDULED ROUTINE TASKS SYSTEM: INTERIOR  OPEN ACCESS PANELS REQUIRED BY S	OH-LZK/H-21 C04	32B	7.320547	05.06.2021	15.06.2021	13.06.2021	LZK/C04-RW-21
6559968	51668	KEKELYZ	13.06.2021	15:30	13.06.2021	17:38	2.130000	MECH-INT	HM_L3_I_B	S	5564834			INT OPENING  FOR SCHEDULED ROUTINE TASKS SYSTEM: INTERIOR  OPEN ACCESS PANELS REQUIRED BY S	OH-LZK/H-21 C04	32B	7.320547	05.06.2021	15.06.2021	13.06.2021	LZK/C04-RW-21
6559967	51668	KEKELYZ	13.06.2021	12:46	13.06.2021	14:15	1.480000	MECH-INT	HM_L3_I_B	S	5564834			INT OPENING  FOR SCHEDULED ROUTINE TASKS SYSTEM: INTERIOR  OPEN ACCESS PANELS REQUIRED BY S	OH-LZK/H-21 C04	32B	7.320547	05.06.2021	15.06.2021	13.06.2021	LZK/C04-RW-21
6559966	50715	PIXAI	13.06.2021	13:50	13.06.2021	17:38	3.800000	COM	SH_CO_2	M	5567049	53-050-00		FINDING (NRC) TASKCARD 53-050-00 (0) / ITEM 1 LDG/KOM/SHM: CRACK WAS FOUND ON THE EXISTING VAPOR	OK-FTP/H-21 BRIDGE	73J	13.939726	03.06.2021	24.06.2021	13.06.2021	FTP/8Y-RWF-21
6559965	50521	MALYN	13.06.2021	11:00	13.06.2021	12:00	1.000000	SHM	HM_L4_S_B	M	5570917	53-874-00		FINDING (NRC) TASKCARD 53-874-00 (0) / ITEM 1 SHM:  DURING GVI INSPECTION WERE FOUND TWO BURN MA	OK-FTP/H-21 BRIDGE	73J	13.939726	03.06.2021	24.06.2021	13.06.2021	FTP/8Y-CRF-21
6559964	50521	MALYN	13.06.2021	09:00	13.06.2021	11:00	2.000000	SHM	HM_L4_S_B	M	5570916	53-874-00		FINDING (NRC) TASKCARD 53-874-00 (0) / ITEM 1 SHM:  DURING GVI INSPECTION WERE FOUND THREE BURN	OK-FTP/H-21 BRIDGE	73J	13.939726	03.06.2021	24.06.2021	13.06.2021	FTP/8Y-CRF-21
6559962	50521	MALYN	13.06.2021	07:00	13.06.2021	09:00	2.000000	SHM	HM_L4_S_B	M	5570889	53-874-00		FINDING (NRC) TASKCARD 53-874-00 (0) / ITEM 1 SHM: DURING GVI INSPECTION WERE FOUND TWO BURN MAR	OK-FTP/H-21 BRIDGE	73J	13.939726	03.06.2021	24.06.2021	13.06.2021	FTP/8Y-CRF-21
6559961	51327	KOZELS	13.06.2021	13:42	13.06.2021	17:00	3.300000	MECH-INT	HM_L4_I_B	M	5572355	57-250-01		FINDING (NRC) TASKCARD 57-250-01 (0) / ITEM 1 LWR FUSE PIN FROM L/H MLG DOG HOUSE WAS FOUND LOOS	OK-FTP/H-21 BRIDGE	73J	13.939726	03.06.2021	24.06.2021	13.06.2021	FTP/8Y-RWF-21
6559959	50521	MALYN	13.06.2021	13:00	13.06.2021	15:00	2.000000	SHM	HM_L4_S_B	M	5570049	53-380-00		FINDING (NRC) TASKCARD 53-380-00 (0)  STA 986.5 STA 986.5 LBL 45.50 : FLOOR BEAM WAS FOUND CORRODE	OK-FTP/H-21 BRIDGE	73J	13.939726	03.06.2021	24.06.2021	13.06.2021	FTP/8Y-RWF-21
6559951	51294	GAZAO	13.06.2021	15:00	13.06.2021	17:20	2.330000	SHM	HM_L3_S_B	S	5564834			INT OPENING  FOR SCHEDULED ROUTINE TASKS SYSTEM: INTERIOR  OPEN ACCESS PANELS REQUIRED BY S	OH-LZK/H-21 C04	32B	7.320547	05.06.2021	15.06.2021	13.06.2021	LZK/C04-RW-21
6559949	51379	KINDLO	13.06.2021	15:00	13.06.2021	17:20	2.330000	SHM	HM_L3_S_B	S	5564834			INT OPENING  FOR SCHEDULED ROUTINE TASKS SYSTEM: INTERIOR  OPEN ACCESS PANELS REQUIRED BY S	OH-LZK/H-21 C04	32B	7.320547	05.06.2021	15.06.2021	13.06.2021	LZK/C04-RW-21
6559944	51214	PAULO	13.06.2021	13:43	13.06.2021	17:00	3.280000	MECH-LDG	HM_L4_L_B	M	5572355	57-250-01		FINDING (NRC) TASKCARD 57-250-01 (0) / ITEM 1 LWR FUSE PIN FROM L/H MLG DOG HOUSE WAS FOUND LOOS	OK-FTP/H-21 BRIDGE	73J	13.939726	03.06.2021	24.06.2021	13.06.2021	FTP/8Y-RWF-21
6559942	51214	PAULO	13.06.2021	06:52	13.06.2021	11:20	4.470000	MECH-LDG	HM_L4_L_B	M	5572355	57-250-01		FINDING (NRC) TASKCARD 57-250-01 (0) / ITEM 1 LWR FUSE PIN FROM L/H MLG DOG HOUSE WAS FOUND LOOS	OK-FTP/H-21 BRIDGE	73J	13.939726	03.06.2021	24.06.2021	13.06.2021	FTP/8Y-RWF-21
6559929	50168	DZUREKI	13.06.2021	16:30	13.06.2021	17:15	0.750000	AVIO	HM_L4_A_B	M	5572303	53-858-00		FINDING (NRC) TASKCARD 53-858-00 (0) / ITEM 1 SHM: DURING GVI INSPECTION WAS FOUND BURN MARK ON	OK-FTP/H-21 BRIDGE	73J	13.939726	03.06.2021	24.06.2021	13.06.2021	FTP/8Y-CRF-21
6559927	50168	DZUREKI	13.06.2021	11:00	13.06.2021	12:00	1.000000	AVIO	HM_L4_A_B	S	5520379			MANDATORY INSPECTION,  AD: (US)-2021-07-17,  SB: 7 PERFORM INSPECTION AND CORROSION PROTECTION  OF TH	OK-FTP/H-21 BRIDGE	73J	13.939726	03.06.2021	24.06.2021	13.06.2021	FTP/8Y-AD-21
6559920	50168	DZUREKI	13.06.2021	13:00	13.06.2021	15:00	2.000000	AVIO	HM_L4_A_B	M	5572303	53-858-00		FINDING (NRC) TASKCARD 53-858-00 (0) / ITEM 1 SHM: DURING GVI INSPECTION WAS FOUND BURN MARK ON	OK-FTP/H-21 BRIDGE	73J	13.939726	03.06.2021	24.06.2021	13.06.2021	FTP/8Y-CRF-21
6559917	51720	CERVENYL	13.06.2021	15:15	13.06.2021	16:50	1.580000	MECH-INT	HM_L4_I_B	M	5572303	53-858-00		FINDING (NRC) TASKCARD 53-858-00 (0) / ITEM 1 SHM: DURING GVI INSPECTION WAS FOUND BURN MARK ON	OK-FTP/H-21 BRIDGE	73J	13.939726	03.06.2021	24.06.2021	13.06.2021	FTP/8Y-CRF-21
6559915	51720	CERVENYL	13.06.2021	12:00	13.06.2021	14:45	2.750000	MECH-INT	HM_L4_I_B	M	5572303	53-858-00		FINDING (NRC) TASKCARD 53-858-00 (0) / ITEM 1 SHM: DURING GVI INSPECTION WAS FOUND BURN MARK ON	OK-FTP/H-21 BRIDGE	73J	13.939726	03.06.2021	24.06.2021	13.06.2021	FTP/8Y-CRF-21
6559914	51720	CERVENYL	13.06.2021	09:30	13.06.2021	11:00	1.500000	MECH-INT	HM_L4_I_B	M	5572303	53-858-00		FINDING (NRC) TASKCARD 53-858-00 (0) / ITEM 1 SHM: DURING GVI INSPECTION WAS FOUND BURN MARK ON	OK-FTP/H-21 BRIDGE	73J	13.939726	03.06.2021	24.06.2021	13.06.2021	FTP/8Y-CRF-21
6559911	51489	SVATOSJ	13.06.2021	13:00	13.06.2021	17:33	4.550000	SHM	HM_L2_S_B	M	5569912	ZL-141-GVI-10050-1		FINDING (NRC) TASKCARD ZL-141-GVI-10050-1 (0) / IT CORROSION WAS FOUND AT FLOOR BEAM 39 ( UPPER FLANG	GFS/H-21/K+2K+4K+C+ADD WORKS	ATR-72	19.652054	01.06.2021	21.06.2021	13.06.2021	GFS/2K-RWF-21
6559909	51516	KRYDAJ	13.06.2021	13:00	13.06.2021	17:33	4.550000	SHM	HM_L2_S_B	M	5569912	ZL-141-GVI-10050-1		FINDING (NRC) TASKCARD ZL-141-GVI-10050-1 (0) / IT CORROSION WAS FOUND AT FLOOR BEAM 39 ( UPPER FLANG	GFS/H-21/K+2K+4K+C+ADD WORKS	ATR-72	19.652054	01.06.2021	21.06.2021	13.06.2021	GFS/2K-RWF-21
6559899	51591	HORAKZ	13.06.2021	15:30	13.06.2021	16:30	1.000000	MECH-INT	HM_L4_I_B	S	5565537			INT OPENING  FOR SCHEDULED ROUTINE TASKS SYSTEM: INTERIOR  OPEN ACCESS PANELS REQUIRED BY S	OK-FTP/H-21 BRIDGE	73J	13.939726	03.06.2021	24.06.2021	13.06.2021	FTP/8Y-RW-21
6559897	51591	HORAKZ	13.06.2021	09:30	13.06.2021	10:30	1.000000	MECH-INT	HM_L4_I_B	S	5565537			INT OPENING  FOR SCHEDULED ROUTINE TASKS SYSTEM: INTERIOR  OPEN ACCESS PANELS REQUIRED BY S	OK-FTP/H-21 BRIDGE	73J	13.939726	03.06.2021	24.06.2021	13.06.2021	FTP/8Y-RW-21
6559895	50094	HAKLD	13.06.2021	13:00	13.06.2021	17:18	4.300000	MECH	LM_A	TC	10-120-03-COMP			INFO ONLY - GENERAL PREPARE THE AIRPLANE FOR STORAGE FOR MORE THAN 60	FTO/L-040621 LONG TERM ST INIT	73J	14.024657	04.06.2021	04.06.2021	13.06.2021	
6559893	50094	HAKLD	13.06.2021	07:30	13.06.2021	12:00	4.500000	MECH	LM_A	TC	10-120-03-COMP			INFO ONLY - GENERAL PREPARE THE AIRPLANE FOR STORAGE FOR MORE THAN 60	FTO/L-040621 LONG TERM ST INIT	73J	14.024657	04.06.2021	04.06.2021	13.06.2021	
6559891	50637	PRASKI	13.06.2021	13:00	13.06.2021	17:15	4.250000	AVIO	LM_A	TC	71-000-01-COMP		13.06.2021	INFO ONLY	FTO/L-040621 LONG TERM ST INIT	73J	14.024657	04.06.2021	04.06.2021	13.06.2021	
6559886	50637	PRASKI	13.06.2021	07:30	13.06.2021	12:00	4.500000	AVIO	LM_A	TC	10-120-03-COMP			INFO ONLY - GENERAL PREPARE THE AIRPLANE FOR STORAGE FOR MORE THAN 60	FTO/L-040621 LONG TERM ST INIT	73J	14.024657	04.06.2021	04.06.2021	13.06.2021	
6559882	50361	HRDLICKE	13.06.2021	17:00	13.06.2021	17:13	0.220000	MECH-ENG	HM_L4_E_B	M	5570086	70-812-02	13.06.2021	FINDING (NRC) TASKCARD 70-812-02 (0.1) / ITEM 1 ENG#2 PANEL 441AR RUB STRIP(EDGE SEAL) WAS FOUND C	OK-FTP/H-21 BRIDGE	73J	13.939726	03.06.2021	24.06.2021	13.06.2021	FTP/8Y-RWF-21
6559879	50280	URVALEKT	13.06.2021	08:30	13.06.2021	11:00	2.500000	MECH-EXT	HM_L4_F_B	S	5570568			#1# LH WING-TORQUE TUBE TO INBD CARRIAGE OF INBD F MANDATORY: PERFORM 737-57A1314 (SERVICE BULLETIN)	OK-FTP/H-21 BRIDGE	73J	13.939726	03.06.2021	24.06.2021	13.06.2021	FTP/8Y-CR-21
6559877	50280	URVALEKT	13.06.2021	07:00	13.06.2021	08:30	1.500000	MECH-EXT	HM_L4_F_B	S	5570668			#1# LH WING-TORQUE TUBE TO INBD CARRIAGE OF INBD F MANDATORY: PERFORM 737-57A1314 (SERVICE BULLETIN)	OK-FTP/H-21 BRIDGE	73J	13.939726	03.06.2021	24.06.2021	13.06.2021	FTP/8Y-CR-21
6559874	50361	HRDLICKE	13.06.2021	13:30	13.06.2021	15:00	1.500000	MECH-ENG	HM_L4_E_B	M	5570086	70-812-02	13.06.2021	FINDING (NRC) TASKCARD 70-812-02 (0.1) / ITEM 1 ENG#2 PANEL 441AR RUB STRIP(EDGE SEAL) WAS FOUND C	OK-FTP/H-21 BRIDGE	73J	13.939726	03.06.2021	24.06.2021	13.06.2021	FTP/8Y-RWF-21
6559871	50578	TYLEA	13.06.2021	09:30	13.06.2021	12:06	2.600000	SHM	HM_L3_S_B	M	5567149	302100-OPT-10000-1-000		FINDING (NRC) TASKCARD 302100-OPT-10000-1-000 (7)  ENG#1: BOTOM STRUCTURE /  AFT FAIRING  REF. SRM 54	GFS/H-21/K+2K+4K+C+ADD WORKS	ATR-72	19.652054	01.06.2021	21.06.2021	13.06.2021	GFS/1C-RWF-21
6559866	51501	BYRTUSM	13.06.2021	11:00	13.06.2021	12:00	1.000000	MECH-EXT	HM_L4_F_B	S	5570668			#1# LH WING-TORQUE TUBE TO INBD CARRIAGE OF INBD F MANDATORY: PERFORM 737-57A1314 (SERVICE BULLETIN)	OK-FTP/H-21 BRIDGE	73J	13.939726	03.06.2021	24.06.2021	13.06.2021	FTP/8Y-CR-21
6559861	51501	BYRTUSM	13.06.2021	08:00	13.06.2021	10:00	2.000000	MECH-EXT	HM_L4_F_B	S	5570568			#1# LH WING-TORQUE TUBE TO INBD CARRIAGE OF INBD F MANDATORY: PERFORM 737-57A1314 (SERVICE BULLETIN)	OK-FTP/H-21 BRIDGE	73J	13.939726	03.06.2021	24.06.2021	13.06.2021	FTP/8Y-CR-21
6559857	50279	CERVENYI	13.06.2021	16:35	13.06.2021	17:19	0.730000	MECH-EXT	HM_L3_F_B	M	5567171	110000-004		#1 AFT TAIL AREA EXT: THE PLACARD "CAUTION FLIGHTS RECORDERS" WAS F	OH-LZK/H-21 C04	32B	7.320547	05.06.2021	15.06.2021	13.06.2021	LZK/C04-ROF-21
6559853	50544	RYCHLYA	13.06.2021	17:00	13.06.2021	17:30	0.500000	SHM	HM_L4_S_B	M	5572341	53-874-00		FINDING (NRC) TASKCARD 53-874-00 (0) / ITEM 1 SHM: DURING GVI INSPECTION WAS FOUND BURN MARK ON	OK-FTP/H-21 BRIDGE	73J	13.939726	03.06.2021	24.06.2021	13.06.2021	FTP/8Y-CRF-21
6559852	50445	MESTEKA	13.06.2021	12:25	13.06.2021	17:02	4.620000	MECH	LM_A	S	5565256		13.06.2021	PERFORM CHECK: ENG 1, LH ENGINE CHANGE - FTAI		73J				13.06.2021	
6559851	50544	RYCHLYA	13.06.2021	16:30	13.06.2021	17:00	0.500000	SHM	HM_L4_S_B	M	5572338	53-874-00		FINDING (NRC) TASKCARD 53-874-00 (0) / ITEM 1 SHM.  DURING GVI INSPECTION WAS FOUND BURN MARK ON	OK-FTP/H-21 BRIDGE	73J	13.939726	03.06.2021	24.06.2021	13.06.2021	FTP/8Y-CRF-21
6559849	50544	RYCHLYA	13.06.2021	16:00	13.06.2021	16:30	0.500000	SHM	HM_L4_S_B	M	5572336	53-874-00		FINDING (NRC) TASKCARD 53-874-00 (0) / ITEM 1 SHM. DURING GVI INSPECTION WAS FOUND BURN MARK ON	OK-FTP/H-21 BRIDGE	73J	13.939726	03.06.2021	24.06.2021	13.06.2021	FTP/8Y-CRF-21
6559848	50039	TRUTENKO	13.06.2021	13:30	13.06.2021	17:00	3.500000	MECH	LM_A	S	5547596		12.06.2021	INDUCTION STORAGE AIRFRAME FOR MORE THAN 7 DAYS PERFORM REGIO LEASE WO WO-RL-21-51915 (REF WP 4486	2-JXEE/L-240521 INIT PARKING	7M8	2.728767	24.05.2021	24.05.2021	13.06.2021	SMBC/PAR-21
6559835	52017	BOSKAP	13.06.2021	15:30	13.06.2021	16:50	1.330000	MECH-INT	HM_L4_I_B	M	5572339	53-874-00		FINDING (NRC) TASKCARD 53-874-00 (0) / ITEM 1 SHM.  DURING GVI INSPECTION WAS FOUND BURN MARK ON	OK-FTP/H-21 BRIDGE	73J	13.939726	03.06.2021	24.06.2021	13.06.2021	FTP/8Y-CRF-21
6559823	50456	LEHOVECU	13.06.2021	16:00	13.06.2021	16:40	0.670000	SHM	HM_L1_S_B	M	5567158	302100-OPT-10000-1-000		FINDING (NRC) TASKCARD 302100-OPT-10000-1-000 (7)  ENG#2: BOTOM STRUCTURE /  AFT FAIRING  REF. SRM 54	GFS/H-21/K+2K+4K+C+ADD WORKS	ATR-72	19.652054	01.06.2021	21.06.2021	13.06.2021	GFS/1C-RWF-21
6559822	50631	BECHYNEI	13.06.2021	13:24	13.06.2021	16:49	3.420000	SHM	HM_L1_S_B	M	5567393	571213-DVI-10000-1-000		FINDING (NRC) TASKCARD 571213-DVI-10000-1-000 (5)  EXT/KLE: ALL THE PLATES ON FWD WING SPAR BOX FROM	GFS/H-21/K+2K+4K+C+ADD WORKS	ATR-72	19.652054	01.06.2021	21.06.2021	13.06.2021	GFS/4K-RWF-21
6559819	51704	MORAVECW	13.06.2021	14:48	13.06.2021	16:45	1.950000	MECH-EXT	HM_L2_F_B	S	5428058			EXT OPENING FOR SCHEDULED ROUTINE TASKS SYSTEM: EXTERIOR   OPEN ACCESS PANELS REQUIRED BY	GFS/H-21/K+2K+4K+C+ADD WORKS	ATR-72	19.652054	01.06.2021	21.06.2021	13.06.2021	GFS/MAY-RO-21
6559816	51220	SASSI	13.06.2021	16:23	13.06.2021	17:34	1.180000	MECH-LDG	HM_L3_L_B	M	5570112	322127-01-1	13.06.2021	FINDING (NRC) TASKCARD 322127-01-1 (1.0) / ITEM 1 LDG: DURING CHECK NLG TORQUE LINKS FOR EXCESSIVE P	OH-LZK/H-21 C04	32B	7.320547	05.06.2021	15.06.2021	13.06.2021	LZK/C04-RWF-21
6559815	51220	SASSI	13.06.2021	13:54	13.06.2021	16:23	2.480000	MECH-LDG	HM_L3_L_B	M	5570399	291000-15-1		FINDING (NRC) TASKCARD 291000-15-1 (1.0) / ITEM 1 LDG/THE GREEN HYDRAULIC SYSTEM SAMPLE WAS FOUND WI	OH-LZK/H-21 C04	32B	7.320547	05.06.2021	15.06.2021	13.06.2021	LZK/C04-RWF-21
6559814	51654	LAGAM	13.06.2021	15:05	13.06.2021	17:34	2.480000	MECH-LDG	HM_L3_L_B	M	5570399	291000-15-1		FINDING (NRC) TASKCARD 291000-15-1 (1.0) / ITEM 1 LDG/THE GREEN HYDRAULIC SYSTEM SAMPLE WAS FOUND WI	OH-LZK/H-21 C04	32B	7.320547	05.06.2021	15.06.2021	13.06.2021	LZK/C04-RWF-21
6559813	51654	LAGAM	13.06.2021	13:54	13.06.2021	15:05	1.180000	MECH-LDG	HM_L3_L_B	M	5570112	322127-01-1	13.06.2021	FINDING (NRC) TASKCARD 322127-01-1 (1.0) / ITEM 1 LDG: DURING CHECK NLG TORQUE LINKS FOR EXCESSIVE P	OH-LZK/H-21 C04	32B	7.320547	05.06.2021	15.06.2021	13.06.2021	LZK/C04-RWF-21
6559811	51341	ROSAV	13.06.2021	16:00	13.06.2021	16:53	0.880000	SHM	HM_L4_S_B	M	5570086	70-812-02	13.06.2021	FINDING (NRC) TASKCARD 70-812-02 (0.1) / ITEM 1 ENG#2 PANEL 441AR RUB STRIP(EDGE SEAL) WAS FOUND C	OK-FTP/H-21 BRIDGE	73J	13.939726	03.06.2021	24.06.2021	13.06.2021	FTP/8Y-RWF-21
6559810	50609	KAMRLAO	13.06.2021	16:23	13.06.2021	17:34	1.180000	MECH-LDG	HM_L3_L_B	M	5570112	322127-01-1	13.06.2021	FINDING (NRC) TASKCARD 322127-01-1 (1.0) / ITEM 1 LDG: DURING CHECK NLG TORQUE LINKS FOR EXCESSIVE P	OH-LZK/H-21 C04	32B	7.320547	05.06.2021	15.06.2021	13.06.2021	LZK/C04-RWF-21
6559808	50478	PITNERA	13.06.2021	10:30	13.06.2021	12:30	2.000000	MECH-EXT	HM_L4_F_B	S	5570568			#1# LH WING-TORQUE TUBE TO INBD CARRIAGE OF INBD F MANDATORY: PERFORM 737-57A1314 (SERVICE BULLETIN)	OK-FTP/H-21 BRIDGE	73J	13.939726	03.06.2021	24.06.2021	13.06.2021	FTP/8Y-CR-21
6559807	50609	KAMRLAO	13.06.2021	13:54	13.06.2021	16:23	2.480000	MECH-LDG	HM_L3_L_B	M	5570399	291000-15-1		FINDING (NRC) TASKCARD 291000-15-1 (1.0) / ITEM 1 LDG/THE GREEN HYDRAULIC SYSTEM SAMPLE WAS FOUND WI	OH-LZK/H-21 C04	32B	7.320547	05.06.2021	15.06.2021	13.06.2021	LZK/C04-RWF-21
6559806	50478	PITNERA	13.06.2021	08:30	13.06.2021	10:30	2.000000	MECH-EXT	HM_L4_F_B	S	5570668			#1# LH WING-TORQUE TUBE TO INBD CARRIAGE OF INBD F MANDATORY: PERFORM 737-57A1314 (SERVICE BULLETIN)	OK-FTP/H-21 BRIDGE	73J	13.939726	03.06.2021	24.06.2021	13.06.2021	FTP/8Y-CR-21
6559804	50847	BUSILC	13.06.2021	16:35	13.06.2021	17:19	0.730000	MECH-EXT	HM_L3_F_B	M	5567144	110000-005		FINDING (NRC) TASKCARD 110000-005 (1.0) / ITEM 1 EXT: L/H WING: PLACARD "WATER DRAIN VALVE" WAS FOU	OH-LZK/H-21 C04	32B	7.320547	05.06.2021	15.06.2021	13.06.2021	LZK/C04-ROF-21
6559800	50454	SMEHLIKI	13.06.2021	16:00	13.06.2021	16:53	0.880000	SHM	HM_L4_S_B	M	5570086	70-812-02	13.06.2021	FINDING (NRC) TASKCARD 70-812-02 (0.1) / ITEM 1 ENG#2 PANEL 441AR RUB STRIP(EDGE SEAL) WAS FOUND C	OK-FTP/H-21 BRIDGE	73J	13.939726	03.06.2021	24.06.2021	13.06.2021	FTP/8Y-RWF-21
6559792	50056	URBANF	13.06.2021	13:30	13.06.2021	16:36	3.100000	AVIO	LM_A	S	5565256		13.06.2021	PERFORM CHECK: ENG 1, LH ENGINE CHANGE - FTAI		73J				13.06.2021	
6559790	50056	URBANF	13.06.2021	07:25	13.06.2021	12:30	5.080000	AVIO	LM_A	S	5565256		13.06.2021	PERFORM CHECK: ENG 1, LH ENGINE CHANGE - FTAI		73J				13.06.2021	
6559789	52040	SHLYAKHM	13.06.2021	06:40	13.06.2021	08:20	1.670000	MECH-INT	HM_L2_I_B	TC	531157-DVI-10000-1-000		13.06.2021	PERF. TASKCARD 531157-DVI-10000-1-000, Rev. 0 INFO	GFS/H-21/K+2K+4K+C+ADD WORKS	ATR-72	19.652054	01.06.2021	21.06.2021	13.06.2021	
6559787	50418	KUPECM	13.06.2021	16:00	13.06.2021	16:35	0.580000	SHM	HM_L3_S_B	S	5546356		13.06.2021	#1# WINGS-OUTBOARD FLAP PLEASE PERFORM FIN WO 4677287  A320-57-1199 WINGS-	OH-LZK/H-21 C04	32B	7.320547	05.06.2021	15.06.2021	13.06.2021	LZK/C04-AD-21
6559786	50385	STERBAI	13.06.2021	13:00	13.06.2021	17:01	4.020000	MECH	LM_A	TC	71-000-01-COMP		13.06.2021	INFO ONLY	FTO/L-040621 LONG TERM ST INIT	73J	14.024657	04.06.2021	04.06.2021	13.06.2021	
6559784	50385	STERBAI	13.06.2021	07:30	13.06.2021	12:00	4.500000	MECH	LM_A	TC	71-000-01-COMP		13.06.2021	INFO ONLY	FTO/L-040621 LONG TERM ST INIT	73J	14.024657	04.06.2021	04.06.2021	13.06.2021	
6559779	50126	POLATAO	13.06.2021	12:35	13.06.2021	16:31	3.930000	MECH	LM_A	S	5565256		13.06.2021	PERFORM CHECK: ENG 1, LH ENGINE CHANGE - FTAI		73J				13.06.2021	
6559778	50126	POLATAO	13.06.2021	07:37	13.06.2021	11:35	3.970000	MECH	LM_A	S	5565256		13.06.2021	PERFORM CHECK: ENG 1, LH ENGINE CHANGE - FTAI		73J				13.06.2021	
6559770	50418	KUPECM	13.06.2021	15:30	13.06.2021	16:00	0.500000	SHM	HM_L3_S_B	M	5567073	ZL-100-02-1		FINDING (NRC) TASKCARD ZL-100-02-1 (1.0) / ITEM 1 DENT WAS FOUND IN FUSELAGE SKIN AT FR 58-59 BETWEE	OH-LZK/H-21 C04	32B	7.320547	05.06.2021	15.06.2021	13.06.2021	LZK/C04-RWF-21
6559769	50812	CUDRAKV	13.06.2021	12:26	13.06.2021	16:26	4.000000	MECH-EXT	HM_L2_F_B	M	5572414	ZL-600-GVI-10000-1-000	13.06.2021	FINDING (NRC) TASKCARD ZL-600-GVI-10000-1-000 (7)  EXT. R/H T/E - SIX BRACKETS ASSY ON LOWER SIDE OF	GFS/H-21/K+2K+4K+C+ADD WORKS	ATR-72	19.652054	01.06.2021	21.06.2021	13.06.2021	GFS/MAY-ROF-21
6559768	50793	KRASNYA	13.06.2021	06:20	13.06.2021	10:00	3.670000	MECH-ENG	HM_L4_E_B	S	5566282			1. GENERAL  THIS WO IS TO BE PERFORMED ON ESN 894669 (L/H ENG						13.06.2021	FTP/8Y-AD-21
6559763	50793	KRASNYA	13.06.2021	15:00	13.06.2021	17:00	2.000000	MECH-ENG	HM_L4_E_B	M	5570070	70-808-01	13.06.2021	FINDING (NRC) TASKCARD 70-808-01 (0.1) / ITEM 1 ENG 1, LH AND RH T/R: SEALANT BETWEEN THE UPPER AN	OK-FTP/H-21 BRIDGE	73J	13.939726	03.06.2021	24.06.2021	13.06.2021	FTP/8Y-RWF-21
6559762	50361	HRDLICKE	13.06.2021	15:00	13.06.2021	17:00	2.000000	MECH-ENG	HM_L4_E_B	M	5570070	70-808-01	13.06.2021	FINDING (NRC) TASKCARD 70-808-01 (0.1) / ITEM 1 ENG 1, LH AND RH T/R: SEALANT BETWEEN THE UPPER AN	OK-FTP/H-21 BRIDGE	73J	13.939726	03.06.2021	24.06.2021	13.06.2021	FTP/8Y-RWF-21
6559760	50376	KALASA	13.06.2021	12:20	13.06.2021	16:20	4.000000	MECH	LM_A	TC	71-000-01-COMP		13.06.2021	INFO ONLY	FTO/L-040621 LONG TERM ST INIT	73J	14.024657	04.06.2021	04.06.2021	13.06.2021	
6559759	50376	KALASA	13.06.2021	07:00	13.06.2021	11:00	4.000000	MECH	LM_A	TC	71-000-01-COMP		13.06.2021	INFO ONLY	FTO/L-040621 LONG TERM ST INIT	73J	14.024657	04.06.2021	04.06.2021	13.06.2021	
6559758	50502	NEMECL	13.06.2021	15:35	13.06.2021	15:50	0.250000	NDT	ND_D5	M	5570918	53-874-00		FINDING (NRC) TASKCARD 53-874-00 (0) / ITEM 1 SHM:  DURING GVI INSPECTION WERE FOUND FOUR BURN M	OK-FTP/H-21 BRIDGE	73J	13.939726	03.06.2021	24.06.2021	13.06.2021	FTP/8Y-CRF-21
6559757	50361	HRDLICKE	13.06.2021	10:30	13.06.2021	12:30	2.000000	MECH-ENG	HM_L4_E_B	M	5570098	78-100-02		FINDING (NRC) TASKCARD 78-100-02 (0) / ITEM 1 ENG 2, LH AND RH T/R: SEALANT BETWEEN THE UPPER AN	OK-FTP/H-21 BRIDGE	73J	13.939726	03.06.2021	24.06.2021	13.06.2021	FTP/8Y-RWF-21
6559756	50361	HRDLICKE	13.06.2021	08:30	13.06.2021	10:30	2.000000	MECH-ENG	HM_L4_E_B	M	5570098	78-100-02		FINDING (NRC) TASKCARD 78-100-02 (0) / ITEM 1 ENG 2, LH AND RH T/R: SEALANT BETWEEN THE UPPER AN	OK-FTP/H-21 BRIDGE	73J	13.939726	03.06.2021	24.06.2021	13.06.2021	FTP/8Y-RWF-21
6559755	50643	KANIAA	13.06.2021	13:00	13.06.2021	16:17	3.280000	MECH	LM_A	TC	10-120-03-COMP			INFO ONLY - GENERAL PREPARE THE AIRPLANE FOR STORAGE FOR MORE THAN 60	FTO/L-040621 LONG TERM ST INIT	73J	14.024657	04.06.2021	04.06.2021	13.06.2021	
6559754	51655	SIRYM	13.06.2021	11:15	13.06.2021	11:40	0.420000	MECH-EXT	HM_L2_F_B	M	5572414	ZL-600-GVI-10000-1-000	13.06.2021	FINDING (NRC) TASKCARD ZL-600-GVI-10000-1-000 (7)  EXT. R/H T/E - SIX BRACKETS ASSY ON LOWER SIDE OF	GFS/H-21/K+2K+4K+C+ADD WORKS	ATR-72	19.652054	01.06.2021	21.06.2021	13.06.2021	GFS/MAY-ROF-21
6559753	50793	KRASNYA	13.06.2021	13:00	13.06.2021	15:00	2.000000	MECH-ENG	HM_L4_E_B	M	5570098	78-100-02		FINDING (NRC) TASKCARD 78-100-02 (0) / ITEM 1 ENG 2, LH AND RH T/R: SEALANT BETWEEN THE UPPER AN	OK-FTP/H-21 BRIDGE	73J	13.939726	03.06.2021	24.06.2021	13.06.2021	FTP/8Y-RWF-21
6559752	50793	KRASNYA	13.06.2021	10:30	13.06.2021	12:00	1.500000	MECH-ENG	HM_L4_E_B	M	5570098	78-100-02		FINDING (NRC) TASKCARD 78-100-02 (0) / ITEM 1 ENG 2, LH AND RH T/R: SEALANT BETWEEN THE UPPER AN	OK-FTP/H-21 BRIDGE	73J	13.939726	03.06.2021	24.06.2021	13.06.2021	FTP/8Y-RWF-21
6559751	50502	NEMECL	13.06.2021	15:20	13.06.2021	15:35	0.250000	NDT	ND_D5	M	5570917	53-874-00		FINDING (NRC) TASKCARD 53-874-00 (0) / ITEM 1 SHM:  DURING GVI INSPECTION WERE FOUND TWO BURN MA	OK-FTP/H-21 BRIDGE	73J	13.939726	03.06.2021	24.06.2021	13.06.2021	FTP/8Y-CRF-21
6559750	50502	NEMECL	13.06.2021	15:05	13.06.2021	15:20	0.250000	NDT	ND_D5	M	5570916	53-874-00		FINDING (NRC) TASKCARD 53-874-00 (0) / ITEM 1 SHM:  DURING GVI INSPECTION WERE FOUND THREE BURN	OK-FTP/H-21 BRIDGE	73J	13.939726	03.06.2021	24.06.2021	13.06.2021	FTP/8Y-CRF-21
6559749	50486	MIRACKYE	13.06.2021	16:11	13.06.2021	16:40	0.480000	MECH-LDG	HM_L2_L_B	TC	122100-CSA-10000-1-700_N			LG AND LG WELL CLEANING / STEP 1	GFS/H-21/K+2K+4K+C+ADD WORKS	ATR-72	19.652054	01.06.2021	21.06.2021	13.06.2021	
6559748	50502	NEMECL	13.06.2021	14:50	13.06.2021	15:05	0.250000	NDT	ND_D5	M	5570889	53-874-00		FINDING (NRC) TASKCARD 53-874-00 (0) / ITEM 1 SHM: DURING GVI INSPECTION WERE FOUND TWO BURN MAR	OK-FTP/H-21 BRIDGE	73J	13.939726	03.06.2021	24.06.2021	13.06.2021	FTP/8Y-CRF-21
6559744	50793	KRASNYA	13.06.2021	10:00	13.06.2021	10:30	0.500000	MECH-ENG	HM_L4_E_B	M	5570810	20-030-02	13.06.2021	FINDING (NRC) TASKCARD 20-030-02 (0) / ITEM 1 ENG 2:BONDING JUMPER OF ACCES PANEL 441CL (INBOARD	OK-FTP/H-21 BRIDGE	73J	13.939726	03.06.2021	24.06.2021	13.06.2021	FTP/8Y-RWF-21
6559743	50361	HRDLICKE	13.06.2021	06:20	13.06.2021	08:30	2.170000	MECH-ENG	HM_L4_E_B	M	5570810	20-030-02	13.06.2021	FINDING (NRC) TASKCARD 20-030-02 (0) / ITEM 1 ENG 2:BONDING JUMPER OF ACCES PANEL 441CL (INBOARD	OK-FTP/H-21 BRIDGE	73J	13.939726	03.06.2021	24.06.2021	13.06.2021	FTP/8Y-RWF-21
6559741	50486	MIRACKYE	13.06.2021	15:30	13.06.2021	16:11	0.680000	MECH-LDG	HM_L2_L_B	S	5428060			LDG OPENING FOR SCHEDULED ROUTINE TASKS SYSTEM: LANDING GEAR  OPEN ACCESS PANELS REQUIRED	GFS/H-21/K+2K+4K+C+ADD WORKS	ATR-72	19.652054	01.06.2021	21.06.2021	13.06.2021	GFS/MAY-RO-21
6559739	50796	BOUMAE	13.06.2021	15:30	13.06.2021	16:09	0.650000	MECH-LDG	HM_L2_L_B	S	5428060			LDG OPENING FOR SCHEDULED ROUTINE TASKS SYSTEM: LANDING GEAR  OPEN ACCESS PANELS REQUIRED	GFS/H-21/K+2K+4K+C+ADD WORKS	ATR-72	19.652054	01.06.2021	21.06.2021	13.06.2021	GFS/MAY-RO-21
6559737	50502	NEMECL	13.06.2021	14:40	13.06.2021	14:50	0.170000	NDT	ND_D5	M	5567408	53-800-00		FINDING (NRC) TASKCARD 53-800-00 (0) / ITEM 1 SHM: DURING GVI INSPECTION WAS FOUND BURN MARK ON	OK-FTP/H-21 BRIDGE	73J	13.939726	03.06.2021	24.06.2021	13.06.2021	FTP/8Y-RWF-21
6559733	50502	NEMECL	13.06.2021	06:30	13.06.2021	06:40	0.170000	NDT	ND_D5	M	5570932	53-874-00		FINDING (NRC) TASKCARD 53-874-00 (0) / ITEM 1 SHM: DURING GVI INSPECTION WAS FOUND BURN MARK ON	OK-FTP/H-21 BRIDGE	73J	13.939726	03.06.2021	24.06.2021	13.06.2021	FTP/8Y-CRF-21
6559730	50502	NEMECL	13.06.2021	06:50	13.06.2021	07:00	0.170000	NDT	ND_D5	M	5570931	53-874-00		FINDING (NRC) TASKCARD 53-874-00 (0) / ITEM 1 SHM: DURING GVI INSPECTION WAS FOUND BURN MARK ON	OK-FTP/H-21 BRIDGE	73J	13.939726	03.06.2021	24.06.2021	13.06.2021	FTP/8Y-CRF-21
6559727	50502	NEMECL	13.06.2021	06:40	13.06.2021	06:50	0.170000	NDT	ND_D5	M	5570928	53-874-00		FINDING (NRC) TASKCARD 53-874-00 (0) / ITEM 1 SHM: DURING GVI INSPECTION WAS FOUND BURN MARK ON	OK-FTP/H-21 BRIDGE	73J	13.939726	03.06.2021	24.06.2021	13.06.2021	FTP/8Y-CRF-21
6559726	50502	NEMECL	13.06.2021	06:20	13.06.2021	06:30	0.170000	NDT	ND_D5	M	5570927	53-874-00		FINDING (NRC) TASKCARD 53-874-00 (0) / ITEM 1 SHM: DURING GVI INSPECTION WAS FOUND BURN MARK ON	OK-FTP/H-21 BRIDGE	73J	13.939726	03.06.2021	24.06.2021	13.06.2021	FTP/8Y-CRF-21
6559723	50502	NEMECL	13.06.2021	06:10	13.06.2021	06:20	0.170000	NDT	ND_D5	M	5570926	53-874-00		FINDING (NRC) TASKCARD 53-874-00 (0) / ITEM 1 SHM: DURING GVI INSPECTION WAS FOUND BURN MARK ON	OK-FTP/H-21 BRIDGE	73J	13.939726	03.06.2021	24.06.2021	13.06.2021	FTP/8Y-CRF-21
6559722	50502	NEMECL	13.06.2021	06:00	13.06.2021	06:10	0.170000	NDT	ND_D5	M	5570925	53-874-00		FINDING (NRC) TASKCARD 53-874-00 (0) / ITEM 1 SHM: DURING GVI INSPECTION WAS FOUND BURN MARK ON	OK-FTP/H-21 BRIDGE	73J	13.939726	03.06.2021	24.06.2021	13.06.2021	FTP/8Y-CRF-21
6559715	50781	NOVBKG	13.06.2021	15:40	13.06.2021	16:10	0.500000	NDT	ND_D7	M	5570049	53-380-00		FINDING (NRC) TASKCARD 53-380-00 (0)  STA 986.5 STA 986.5 LBL 45.50 : FLOOR BEAM WAS FOUND CORRODE	OK-FTP/H-21 BRIDGE	73J	13.939726	03.06.2021	24.06.2021	13.06.2021	FTP/8Y-RWF-21
6559714	51719	FIALAT	13.06.2021	15:59	13.06.2021	17:20	1.350000	MECH-EXT	HM_L3_F_B	M	5489407	5487253	13.06.2021	FINDING (NRC) W/O 5487253 DURING WING INSPECTION FOUND CORROSION ON RIVETS H	OH-LZK/H-21 C04	32B	7.320547	05.06.2021	15.06.2021	13.06.2021	FIN/PAR-F-21
6559713	52147	KLECAKJ	13.06.2021	15:59	13.06.2021	17:20	1.350000	MECH-EXT	HM_L3_F_B	M	5489407	5487253	13.06.2021	FINDING (NRC) W/O 5487253 DURING WING INSPECTION FOUND CORROSION ON RIVETS H	OH-LZK/H-21 C04	32B	7.320547	05.06.2021	15.06.2021	13.06.2021	FIN/PAR-F-21
6559711	50493	NOVBKD	13.06.2021	15:00	13.06.2021	17:18	2.300000	MECH-INT	HM_L4_I_B	M	5572339	53-874-00		FINDING (NRC) TASKCARD 53-874-00 (0) / ITEM 1 SHM.  DURING GVI INSPECTION WAS FOUND BURN MARK ON	OK-FTP/H-21 BRIDGE	73J	13.939726	03.06.2021	24.06.2021	13.06.2021	FTP/8Y-CRF-21
6559705	51591	HORAKZ	13.06.2021	13:15	13.06.2021	14:15	1.000000	MECH-INT	HM_L4_I_B	M	5567408	53-800-00		FINDING (NRC) TASKCARD 53-800-00 (0) / ITEM 1 SHM: DURING GVI INSPECTION WAS FOUND BURN MARK ON	OK-FTP/H-21 BRIDGE	73J	13.939726	03.06.2021	24.06.2021	13.06.2021	FTP/8Y-RWF-21
6559704	51591	HORAKZ	13.06.2021	08:30	13.06.2021	09:30	1.000000	MECH-INT	HM_L4_I_B	M	5567408	53-800-00		FINDING (NRC) TASKCARD 53-800-00 (0) / ITEM 1 SHM: DURING GVI INSPECTION WAS FOUND BURN MARK ON	OK-FTP/H-21 BRIDGE	73J	13.939726	03.06.2021	24.06.2021	13.06.2021	FTP/8Y-RWF-21
6559700	52147	KLECAKJ	13.06.2021	12:30	13.06.2021	15:59	3.480000	MECH-EXT	HM_L3_F_B	S	5564833			EXT OPENING FOR SCHEDULED ROUTINE TASKS SYSTEM: EXTERIOR   OPEN ACCESS PANELS REQUIRED BY	OH-LZK/H-21 C04	32B	7.320547	05.06.2021	15.06.2021	13.06.2021	LZK/C04-RW-21
6559699	51719	FIALAT	13.06.2021	12:30	13.06.2021	15:59	3.480000	MECH-EXT	HM_L3_F_B	S	5564833			EXT OPENING FOR SCHEDULED ROUTINE TASKS SYSTEM: EXTERIOR   OPEN ACCESS PANELS REQUIRED BY	OH-LZK/H-21 C04	32B	7.320547	05.06.2021	15.06.2021	13.06.2021	LZK/C04-RW-21
6559690	50279	CERVENYI	13.06.2021	15:40	13.06.2021	16:35	0.920000	MECH-EXT	HM_L3_F_B	S	5546356		13.06.2021	#1# WINGS-OUTBOARD FLAP PLEASE PERFORM FIN WO 4677287  A320-57-1199 WINGS-	OH-LZK/H-21 C04	32B	7.320547	05.06.2021	15.06.2021	13.06.2021	LZK/C04-AD-21
6559679	50279	CERVENYI	13.06.2021	14:51	13.06.2021	15:40	0.820000	MECH-EXT	HM_L3_F_B	M	5567171	110000-004		#1 AFT TAIL AREA EXT: THE PLACARD "CAUTION FLIGHTS RECORDERS" WAS F	OH-LZK/H-21 C04	32B	7.320547	05.06.2021	15.06.2021	13.06.2021	LZK/C04-ROF-21
6559675	50168	DZUREKI	13.06.2021	09:00	13.06.2021	09:45	0.750000	AVIO	HM_L4_A_B	M	5570432	23-030-00	13.06.2021	FINDING (NRC) TASKCARD 23-030-00 (0) / ITEM 1 STATIC DISCHARGES ON HORIZONTAL STABILIZER (3X) AN	OK-FTP/H-21 BRIDGE	73J	13.939726	03.06.2021	24.06.2021	13.06.2021	FTP/8Y-RWF-21
6559673	50544	RYCHLYA	13.06.2021	15:30	13.06.2021	16:00	0.500000	SHM	HM_L4_S_B	M	5572335	53-874-00		FINDING (NRC) TASKCARD 53-874-00 (0) / ITEM 1 SHM:  DURING GVI INSPECTION WAS FOUND BURN MARK ON	OK-FTP/H-21 BRIDGE	73J	13.939726	03.06.2021	24.06.2021	13.06.2021	FTP/8Y-CRF-21
6559671	50544	RYCHLYA	13.06.2021	15:00	13.06.2021	15:30	0.500000	SHM	HM_L4_S_B	M	5572334	53-874-00		FINDING (NRC) TASKCARD 53-874-00 (0) / ITEM 1 SHM:  DURING GVI INSPECTION WAS FOUND BURN MARK ON	OK-FTP/H-21 BRIDGE	73J	13.939726	03.06.2021	24.06.2021	13.06.2021	FTP/8Y-CRF-21
6559669	50544	RYCHLYA	13.06.2021	14:30	13.06.2021	15:00	0.500000	SHM	HM_L4_S_B	M	5572332	53-874-00		FINDING (NRC) TASKCARD 53-874-00 (0) / ITEM 1 SHM: DURING GVI INSPECTION WAS FOUND BURN MARK ON	OK-FTP/H-21 BRIDGE	73J	13.939726	03.06.2021	24.06.2021	13.06.2021	FTP/8Y-CRF-21
6559666	50544	RYCHLYA	13.06.2021	14:00	13.06.2021	14:30	0.500000	SHM	HM_L4_S_B	M	5572356	53-864-00		FINDING (NRC) TASKCARD 53-864-00 (0) / ITEM 1 SHM:  DURING GVI INSPECTION WAS FOUND BURN MARK ON	OK-FTP/H-21 BRIDGE	73J	13.939726	03.06.2021	24.06.2021	13.06.2021	FTP/8Y-CRF-21
6559663	50544	RYCHLYA	13.06.2021	13:30	13.06.2021	14:00	0.500000	SHM	HM_L4_S_B	M	5572354	53-864-00		FINDING (NRC) TASKCARD 53-864-00 (0) / ITEM 1 SHM:  DURING GVI INSPECTION WAS FOUND BURN MARK ON	OK-FTP/H-21 BRIDGE	73J	13.939726	03.06.2021	24.06.2021	13.06.2021	FTP/8Y-CRF-21
6559662	50544	RYCHLYA	13.06.2021	13:00	13.06.2021	13:30	0.500000	SHM	HM_L4_S_B	M	5572353	53-864-00		FINDING (NRC) TASKCARD 53-864-00 (0) / ITEM 1 SHM:  DURING GVI INSPECTION WAS FOUND BURN MARK ON	OK-FTP/H-21 BRIDGE	73J	13.939726	03.06.2021	24.06.2021	13.06.2021	FTP/8Y-CRF-21
6559661	50544	RYCHLYA	13.06.2021	12:30	13.06.2021	13:00	0.500000	SHM	HM_L4_S_B	M	5572350	53-864-00		FINDING (NRC) TASKCARD 53-864-00 (0) / ITEM 1 SHM:  DURING GVI INSPECTION WERE FOUND BURN MARKS	OK-FTP/H-21 BRIDGE	73J	13.939726	03.06.2021	24.06.2021	13.06.2021	FTP/8Y-CRF-21
6559646	50449	SYNCAKT	13.06.2021	14:52	13.06.2021	16:28	1.600000	MECH-ENG	HM_L3_E_B	M	5570551	ZL-451-01-2	13.06.2021	#1# FINDING (NRC) TASKCARD ZL-451-01-2 (1.0) / ITE ENG#1/LH TR THE SEAL OF END OF LOWER TRACK WAS FOU	OH-LZK/H-21 C04	32B	7.320547	05.06.2021	15.06.2021	13.06.2021	LZK/C04-RWF-21
6559626	50599	KOBYLKAA	13.06.2021	13:00	13.06.2021	17:00	4.000000	MECH-ENG	HM_L4_E_B	S	5566282			1. GENERAL  THIS WO IS TO BE PERFORMED ON ESN 894669 (L/H ENG						13.06.2021	FTP/8Y-AD-21
6559625	50599	KOBYLKAA	13.06.2021	06:00	13.06.2021	12:00	6.000000	MECH-ENG	HM_L4_E_B	S	5566282			1. GENERAL  THIS WO IS TO BE PERFORMED ON ESN 894669 (L/H ENG						13.06.2021	FTP/8Y-AD-21
6559620	50847	BUSILC	13.06.2021	14:54	13.06.2021	16:35	1.680000	MECH-EXT	HM_L3_F_B	S	5546356		13.06.2021	#1# WINGS-OUTBOARD FLAP PLEASE PERFORM FIN WO 4677287  A320-57-1199 WINGS-	OH-LZK/H-21 C04	32B	7.320547	05.06.2021	15.06.2021	13.06.2021	LZK/C04-AD-21
6559619	50847	BUSILC	13.06.2021	13:53	13.06.2021	14:54	1.020000	MECH-EXT	HM_L3_F_B	S	5547893		13.06.2021	#1# ACT 2 WATER DRAIN ASSEMBLY ACCESS PANEL ONE RE PERFORM FIN WO 4941308  ACT 2 WATER DRAIN ASSEMBLY	OH-LZK/H-21 C04	32B	7.320547	05.06.2021	15.06.2021	13.06.2021	LZK/C04-CR-21
6559617	50449	SYNCAKT	13.06.2021	14:11	13.06.2021	14:52	0.680000	MECH-ENG	HM_L3_E_B	M	5570808	291000-002 A	13.06.2021	FINDING (NRC) TASKCARD 291000-002 A (1.0) / ITEM 1 ENG#2/PYLON THE BUSHING HYDRAULIC LINE BETWEEN FIR	OH-LZK/H-21 C04	32B	7.320547	05.06.2021	15.06.2021	13.06.2021	LZK/C04-ROF-21
6559614	50418	KUPECM	13.06.2021	14:43	13.06.2021	15:30	0.780000	SHM	HM_L3_S_B	M	5570551	ZL-451-01-2	13.06.2021	#1# FINDING (NRC) TASKCARD ZL-451-01-2 (1.0) / ITE ENG#1/LH TR THE SEAL OF END OF LOWER TRACK WAS FOU	OH-LZK/H-21 C04	32B	7.320547	05.06.2021	15.06.2021	13.06.2021	LZK/C04-RWF-21
6559612	50445	MESTEKA	13.06.2021	07:30	13.06.2021	11:55	4.420000	MECH	LM_A	S	5565256		13.06.2021	PERFORM CHECK: ENG 1, LH ENGINE CHANGE - FTAI		73J				13.06.2021	
6559611	50279	CERVENYI	13.06.2021	12:25	13.06.2021	14:51	2.430000	MECH-EXT	HM_L3_F_B	S	5547893		13.06.2021	#1# ACT 2 WATER DRAIN ASSEMBLY ACCESS PANEL ONE RE PERFORM FIN WO 4941308  ACT 2 WATER DRAIN ASSEMBLY	OH-LZK/H-21 C04	32B	7.320547	05.06.2021	15.06.2021	13.06.2021	LZK/C04-CR-21
6559610	51704	MORAVECW	13.06.2021	12:35	13.06.2021	14:48	2.220000	MECH-EXT	HM_L2_F_B	M	5570948	571406-GVI-10000-1-000		FINDING (NRC) TASKCARD 571406-GVI-10000-1-000 (10) EXT-THE SCREWS,SEAL AND  NUTS FROM TANK ACESS PANE	GFS/H-21/K+2K+4K+C+ADD WORKS	ATR-72	19.652054	01.06.2021	21.06.2021	13.06.2021	GFS/2K-RWF-21
6559609	51341	ROSAV	13.06.2021	13:40	13.06.2021	16:00	2.330000	SHM	HM_L4_S_B	M	5567255	57-030-00		FINDING (NRC) TASKCARD 57-030-00 (0) / ITEM 1  KEE KLE- THERE WAS FOUND MISSING NUTPLATE ON THE FWD K	OK-FTP/H-21 BRIDGE	73J	13.939726	03.06.2021	24.06.2021	13.06.2021	FTP/8Y-RWF-21
6559607	51341	ROSAV	13.06.2021	12:30	13.06.2021	13:40	1.170000	SHM	HM_L4_S_B	M	5570049	53-380-00		FINDING (NRC) TASKCARD 53-380-00 (0)  STA 986.5 STA 986.5 LBL 45.50 : FLOOR BEAM WAS FOUND CORRODE	OK-FTP/H-21 BRIDGE	73J	13.939726	03.06.2021	24.06.2021	13.06.2021	FTP/8Y-RWF-21
6559605	50454	SMEHLIKI	13.06.2021	13:20	13.06.2021	15:45	2.420000	SHM	HM_L4_S_B	M	5567255	57-030-00		FINDING (NRC) TASKCARD 57-030-00 (0) / ITEM 1  KEE KLE- THERE WAS FOUND MISSING NUTPLATE ON THE FWD K	OK-FTP/H-21 BRIDGE	73J	13.939726	03.06.2021	24.06.2021	13.06.2021	FTP/8Y-RWF-21
6559604	50418	KUPECM	13.06.2021	14:00	13.06.2021	14:43	0.720000	SHM	HM_L3_S_B	M	5570425	ZL-500-02-1	13.06.2021	FINDING (NRC) TASKCARD ZL-500-02-1 (1.0) / ITEM 1 SHM: L/H WING: THE RUBBING STRIP ON TRAILING EDGE	OH-LZK/H-21 C04	32B	7.320547	05.06.2021	15.06.2021	13.06.2021	LZK/C04-RWF-21
6559603	50454	SMEHLIKI	13.06.2021	12:30	13.06.2021	13:20	0.830000	SHM	HM_L4_S_B	M	5570049	53-380-00		FINDING (NRC) TASKCARD 53-380-00 (0)  STA 986.5 STA 986.5 LBL 45.50 : FLOOR BEAM WAS FOUND CORRODE	OK-FTP/H-21 BRIDGE	73J	13.939726	03.06.2021	24.06.2021	13.06.2021	FTP/8Y-RWF-21
6559602	52124	BELKAD	13.06.2021	13:28	13.06.2021	17:23	3.920000	MECH-ENG	HM_L3_E_B	S	5564832			ENG OPENING FOR SCHEDULED ROUTINE TASKS SYSTEM: ENGINES  OPEN ACCESS PANELS REQUIRED BY SC	OH-LZK/H-21 C04	32B	7.320547	05.06.2021	15.06.2021	13.06.2021	LZK/C04-RW-21
6559601	50449	SYNCAKT	13.06.2021	13:32	13.06.2021	14:11	0.650000	MECH-ENG	HM_L3_E_B	S	5564832			ENG OPENING FOR SCHEDULED ROUTINE TASKS SYSTEM: ENGINES  OPEN ACCESS PANELS REQUIRED BY SC	OH-LZK/H-21 C04	32B	7.320547	05.06.2021	15.06.2021	13.06.2021	LZK/C04-RW-21
6559600	50316	STEPANOT	13.06.2021	13:33	13.06.2021	17:44	4.180000	MECH-ENG	HM_L3_E_B	S	5564832			ENG OPENING FOR SCHEDULED ROUTINE TASKS SYSTEM: ENGINES  OPEN ACCESS PANELS REQUIRED BY SC	OH-LZK/H-21 C04	32B	7.320547	05.06.2021	15.06.2021	13.06.2021	LZK/C04-RW-21
6559597	50449	SYNCAKT	13.06.2021	13:21	13.06.2021	13:32	0.180000	MECH-ENG	HM_L3_E_B	TC	ZL-451-01-2 A			THRUST REVERSER   GENERAL VISUAL INSPECTION OF THR	OH-LZK/H-21 C04	32B	7.320547	05.06.2021	15.06.2021	13.06.2021	
6559596	50449	SYNCAKT	13.06.2021	13:10	13.06.2021	13:21	0.180000	MECH-ENG	HM_L3_E_B	TC	ZL-451-01-2			THRUST REVERSER   GENERAL VISUAL INSPECTION OF THR	OH-LZK/H-21 C04	32B	7.320547	05.06.2021	15.06.2021	13.06.2021	
6559595	50316	STEPANOT	13.06.2021	13:22	13.06.2021	13:33	0.180000	MECH-ENG	HM_L3_E_B	TC	ZL-451-01-2 A			THRUST REVERSER   GENERAL VISUAL INSPECTION OF THR	OH-LZK/H-21 C04	32B	7.320547	05.06.2021	15.06.2021	13.06.2021	
6559594	50316	STEPANOT	13.06.2021	13:11	13.06.2021	13:22	0.180000	MECH-ENG	HM_L3_E_B	TC	ZL-451-01-2			THRUST REVERSER   GENERAL VISUAL INSPECTION OF THR	OH-LZK/H-21 C04	32B	7.320547	05.06.2021	15.06.2021	13.06.2021	
6559593	52124	BELKAD	13.06.2021	13:18	13.06.2021	13:28	0.170000	MECH-ENG	HM_L3_E_B	TC	ZL-451-01-2 A			THRUST REVERSER   GENERAL VISUAL INSPECTION OF THR	OH-LZK/H-21 C04	32B	7.320547	05.06.2021	15.06.2021	13.06.2021	
6559592	52124	BELKAD	13.06.2021	13:08	13.06.2021	13:18	0.170000	MECH-ENG	HM_L3_E_B	TC	ZL-451-01-2			THRUST REVERSER   GENERAL VISUAL INSPECTION OF THR	OH-LZK/H-21 C04	32B	7.320547	05.06.2021	15.06.2021	13.06.2021	
6559589	50445	MESTEKA	13.06.2021	11:55	13.06.2021	12:25	0.500000	MECH	LM_A	TC	78-011-01		13.06.2021	INFO ONLY - GENERAL  DETAILED INSPECTION OF THE LEFT ENGINE EXHAUST PL	FTO/L-040621 LONG TERM ST INIT	73J	14.024657	04.06.2021	04.06.2021	13.06.2021	
6559586	52124	BELKAD	13.06.2021	12:00	13.06.2021	13:08	1.130000	MECH-ENG	HM_L3_E_B	S	5567421		13.06.2021	#1# COMMON NOZZLE ASSY - ENG1 PERFORM FINNAIR WO 5105604  V2500-NAC-78-0264 COMM	OH-LZK/H-21 C04	32B	7.320547	05.06.2021	15.06.2021	13.06.2021	LZK/C04-CR-21
6559585	50316	STEPANOT	13.06.2021	12:00	13.06.2021	13:11	1.180000	MECH-ENG	HM_L3_E_B	S	5567421		13.06.2021	#1# COMMON NOZZLE ASSY - ENG1 PERFORM FINNAIR WO 5105604  V2500-NAC-78-0264 COMM	OH-LZK/H-21 C04	32B	7.320547	05.06.2021	15.06.2021	13.06.2021	LZK/C04-CR-21
6559584	50449	SYNCAKT	13.06.2021	12:00	13.06.2021	13:10	1.170000	MECH-ENG	HM_L3_E_B	S	5567421		13.06.2021	#1# COMMON NOZZLE ASSY - ENG1 PERFORM FINNAIR WO 5105604  V2500-NAC-78-0264 COMM	OH-LZK/H-21 C04	32B	7.320547	05.06.2021	15.06.2021	13.06.2021	LZK/C04-CR-21
6559582	50449	SYNCAKT	13.06.2021	09:57	13.06.2021	11:00	1.050000	MECH-ENG	HM_L3_E_B	S	5567423		13.06.2021	#1# COMMON NOZZLE ASSY - ENG2 PERFORM FINNAIR WO 5105605  V2500-NAC-78-0264 COMM	OH-LZK/H-21 C04	32B	7.320547	05.06.2021	15.06.2021	13.06.2021	LZK/C04-CR-21
6559581	50449	SYNCAKT	13.06.2021	06:42	13.06.2021	09:57	3.250000	MECH-ENG	HM_L3_E_B	S	5567421		13.06.2021	#1# COMMON NOZZLE ASSY - ENG1 PERFORM FINNAIR WO 5105604  V2500-NAC-78-0264 COMM	OH-LZK/H-21 C04	32B	7.320547	05.06.2021	15.06.2021	13.06.2021	LZK/C04-CR-21
6559579	50316	STEPANOT	13.06.2021	08:51	13.06.2021	11:00	2.150000	MECH-ENG	HM_L3_E_B	S	5567423		13.06.2021	#1# COMMON NOZZLE ASSY - ENG2 PERFORM FINNAIR WO 5105605  V2500-NAC-78-0264 COMM	OH-LZK/H-21 C04	32B	7.320547	05.06.2021	15.06.2021	13.06.2021	LZK/C04-CR-21
6559578	50316	STEPANOT	13.06.2021	06:42	13.06.2021	08:51	2.150000	MECH-ENG	HM_L3_E_B	S	5567421		13.06.2021	#1# COMMON NOZZLE ASSY - ENG1 PERFORM FINNAIR WO 5105604  V2500-NAC-78-0264 COMM	OH-LZK/H-21 C04	32B	7.320547	05.06.2021	15.06.2021	13.06.2021	LZK/C04-CR-21
6559577	51223	SIMAU	13.06.2021	13:40	13.06.2021	14:08	0.470000	MECH-EXT	HM_L2_F_B	M	5567115	ZL-300-GVI-10000-1-000	13.06.2021	FINDING (NRC) TASKCARD ZL-300-GVI-10000-1-000 (7)  EXT.-WATER COLLEKTOR OF TAIL CONE WAS FOUND CRACKE	GFS/H-21/K+2K+4K+C+ADD WORKS	ATR-72	19.652054	01.06.2021	21.06.2021	13.06.2021	GFS/MAY-ROF-21
6559576	50645	MEKOTAA	13.06.2021	13:40	13.06.2021	14:08	0.470000	MECH-EXT	HM_L2_F_B	M	5567115	ZL-300-GVI-10000-1-000	13.06.2021	FINDING (NRC) TASKCARD ZL-300-GVI-10000-1-000 (7)  EXT.-WATER COLLEKTOR OF TAIL CONE WAS FOUND CRACKE	GFS/H-21/K+2K+4K+C+ADD WORKS	ATR-72	19.652054	01.06.2021	21.06.2021	13.06.2021	GFS/MAY-ROF-21
6559574	52124	BELKAD	13.06.2021	08:51	13.06.2021	11:00	2.150000	MECH-ENG	HM_L3_E_B	S	5567423		13.06.2021	#1# COMMON NOZZLE ASSY - ENG2 PERFORM FINNAIR WO 5105605  V2500-NAC-78-0264 COMM	OH-LZK/H-21 C04	32B	7.320547	05.06.2021	15.06.2021	13.06.2021	LZK/C04-CR-21
6559573	52124	BELKAD	13.06.2021	06:42	13.06.2021	08:51	2.150000	MECH-ENG	HM_L3_E_B	S	5567421		13.06.2021	#1# COMMON NOZZLE ASSY - ENG1 PERFORM FINNAIR WO 5105604  V2500-NAC-78-0264 COMM	OH-LZK/H-21 C04	32B	7.320547	05.06.2021	15.06.2021	13.06.2021	LZK/C04-CR-21
6559571	50432	ZAZVORKI	13.06.2021	07:06	13.06.2021	08:20	1.230000	MECH-ENG	HM_L3_E_B	S	5567423		13.06.2021	#1# COMMON NOZZLE ASSY - ENG2 PERFORM FINNAIR WO 5105605  V2500-NAC-78-0264 COMM	OH-LZK/H-21 C04	32B	7.320547	05.06.2021	15.06.2021	13.06.2021	LZK/C04-CR-21
6559568	52040	SHLYAKHM	13.06.2021	14:28	13.06.2021	15:51	1.380000	MECH-INT	HM_L2_I_B	M	5567045	ZL-141-GVI-10050-1		INT: INSULATION FR36-44 - FINDING (NRC) TASKCARD Z THE UNDERFLOOR INSULATION BLANKETS BETWEEN FR36-FR	GFS/H-21/K+2K+4K+C+ADD WORKS	ATR-72	19.652054	01.06.2021	21.06.2021	13.06.2021	GFS/2K-RWF-21
6559567	52040	SHLYAKHM	13.06.2021	13:06	13.06.2021	14:28	1.370000	MECH-INT	HM_L2_I_B	M	5567279	ZL-121-GVI-10000-3-000		INT: INSULATION FR13-19 FINDING (NRC) TASKCARD ZL- THE UNDERFLOOR INSULATION BLANKETS BETWEEN FR13-FR	GFS/H-21/K+2K+4K+C+ADD WORKS	ATR-72	19.652054	01.06.2021	21.06.2021	13.06.2021	GFS/2K-RWF-21
6559566	50676	PANEKR	13.06.2021	14:28	13.06.2021	15:51	1.380000	MECH-INT	HM_L2_I_B	M	5567279	ZL-121-GVI-10000-3-000		INT: INSULATION FR13-19 FINDING (NRC) TASKCARD ZL- THE UNDERFLOOR INSULATION BLANKETS BETWEEN FR13-FR	GFS/H-21/K+2K+4K+C+ADD WORKS	ATR-72	19.652054	01.06.2021	21.06.2021	13.06.2021	GFS/2K-RWF-21
6559565	50676	PANEKR	13.06.2021	13:05	13.06.2021	14:28	1.380000	MECH-INT	HM_L2_I_B	M	5567045	ZL-141-GVI-10050-1		INT: INSULATION FR36-44 - FINDING (NRC) TASKCARD Z THE UNDERFLOOR INSULATION BLANKETS BETWEEN FR36-FR	GFS/H-21/K+2K+4K+C+ADD WORKS	ATR-72	19.652054	01.06.2021	21.06.2021	13.06.2021	GFS/2K-RWF-21
6559561	50797	CHLUPD	13.06.2021	13:46	13.06.2021	17:20	3.570000	MECH-EXT	HM_L3_F_B	M	5489407	5487253	13.06.2021	FINDING (NRC) W/O 5487253 DURING WING INSPECTION FOUND CORROSION ON RIVETS H	OH-LZK/H-21 C04	32B	7.320547	05.06.2021	15.06.2021	13.06.2021	FIN/PAR-F-21
6559560	50640	KLIMEST	13.06.2021	13:45	13.06.2021	17:19	3.570000	MECH-EXT	HM_L3_F_B	M	5489407	5487253	13.06.2021	FINDING (NRC) W/O 5487253 DURING WING INSPECTION FOUND CORROSION ON RIVETS H	OH-LZK/H-21 C04	32B	7.320547	05.06.2021	15.06.2021	13.06.2021	FIN/PAR-F-21
6559558	50418	KUPECM	13.06.2021	12:30	13.06.2021	13:00	0.500000	SHM	HM_L3_S_B	M	5569866	ZL-531-01-1	13.06.2021	# 1 # FINDING (NRC) TASKCARD ZL-531-01-1 (1.0) / I SHM : LH WING, FAIRING NO.2 : THE NUT ON INBD SIDE	OH-LZK/H-21 C04	32B	7.320547	05.06.2021	15.06.2021	13.06.2021	LZK/C04-RWF-21
6559557	50443	MIKESC	13.06.2021	13:02	13.06.2021	15:51	2.820000	MECH-INT	HM_L2_I_B	TC	ZL-133-GVI-10000-1-000			INFO ONLY	GFS/H-21/K+2K+4K+C+ADD WORKS	ATR-72	19.652054	01.06.2021	21.06.2021	13.06.2021	
6559556	51294	GAZAO	13.06.2021	12:00	13.06.2021	13:00	1.000000	SHM	HM_L3_S_B	M	5570551	ZL-451-01-2	13.06.2021	#1# FINDING (NRC) TASKCARD ZL-451-01-2 (1.0) / ITE ENG#1/LH TR THE SEAL OF END OF LOWER TRACK WAS FOU	OH-LZK/H-21 C04	32B	7.320547	05.06.2021	15.06.2021	13.06.2021	LZK/C04-RWF-21
6559555	51379	KINDLO	13.06.2021	12:00	13.06.2021	13:00	1.000000	SHM	HM_L3_S_B	M	5570551	ZL-451-01-2	13.06.2021	#1# FINDING (NRC) TASKCARD ZL-451-01-2 (1.0) / ITE ENG#1/LH TR THE SEAL OF END OF LOWER TRACK WAS FOU	OH-LZK/H-21 C04	32B	7.320547	05.06.2021	15.06.2021	13.06.2021	LZK/C04-RWF-21
6559554	51661	KRALIKJ	13.06.2021	12:29	13.06.2021	13:29	1.000000	ENG		M	5567048	53-050-00		FINDING (NRC) TASKCARD 53-050-00 (0) / ITEM 1 LDG/KOM/SHM: CRACK WAS FOUND ON THE EXISTING VAPOR	OK-FTP/H-21 BRIDGE	73J	13.939726	03.06.2021	24.06.2021	13.06.2021	FTP/8Y-RWF-21
6559553	51661	KRALIKJ	13.06.2021	12:27	13.06.2021	13:27	1.000000	ENG		M	5567049	53-050-00		FINDING (NRC) TASKCARD 53-050-00 (0) / ITEM 1 LDG/KOM/SHM: CRACK WAS FOUND ON THE EXISTING VAPOR	OK-FTP/H-21 BRIDGE	73J	13.939726	03.06.2021	24.06.2021	13.06.2021	FTP/8Y-RWF-21
6559552	50631	BECHYNEI	13.06.2021	12:07	13.06.2021	13:24	1.280000	SHM	HM_L1_S_B	M	5569858	571213-DVI-10000-1-000		FINDING (NRC) TASKCARD 571213-DVI-10000-1-000 (5)  EXT/KLE--THE 2 SHEET METAL BENTS (SRM 53-91-42-01-	GFS/H-21/K+2K+4K+C+ADD WORKS	ATR-72	19.652054	01.06.2021	21.06.2021	13.06.2021	GFS/4K-RWF-21
6559551	50631	BECHYNEI	13.06.2021	09:32	13.06.2021	11:07	1.580000	SHM	HM_L1_S_B	M	5569858	571213-DVI-10000-1-000		FINDING (NRC) TASKCARD 571213-DVI-10000-1-000 (5)  EXT/KLE--THE 2 SHEET METAL BENTS (SRM 53-91-42-01-	GFS/H-21/K+2K+4K+C+ADD WORKS	ATR-72	19.652054	01.06.2021	21.06.2021	13.06.2021	GFS/4K-RWF-21
6559550	50645	MEKOTAA	13.06.2021	12:36	13.06.2021	13:23	0.780000	MECH-EXT	HM_L2_F_B	M	5567067	ZL-300-GVI-10000-1-000		FINDING (NRC) TASKCARD ZL-300-GVI-10000-1-000 (7)  EXT.TAIL CONE-THE DIVERTER STRIPS WERE FOUND DAMAG	GFS/H-21/K+2K+4K+C+ADD WORKS	ATR-72	19.652054	01.06.2021	21.06.2021	13.06.2021	GFS/MAY-ROF-21
6559549	51223	SIMAU	13.06.2021	12:36	13.06.2021	13:23	0.780000	MECH-EXT	HM_L2_F_B	M	5567067	ZL-300-GVI-10000-1-000		FINDING (NRC) TASKCARD ZL-300-GVI-10000-1-000 (7)  EXT.TAIL CONE-THE DIVERTER STRIPS WERE FOUND DAMAG	GFS/H-21/K+2K+4K+C+ADD WORKS	ATR-72	19.652054	01.06.2021	21.06.2021	13.06.2021	GFS/MAY-ROF-21
6559548	51569	PAVLIKO	13.06.2021	12:05	13.06.2021	15:01	2.930000	MECH-INT	HM_L3_I_B	S	5564834			INT OPENING  FOR SCHEDULED ROUTINE TASKS SYSTEM: INTERIOR  OPEN ACCESS PANELS REQUIRED BY S	OH-LZK/H-21 C04	32B	7.320547	05.06.2021	15.06.2021	13.06.2021	LZK/C04-RW-21
6559546	51569	PAVLIKO	13.06.2021	09:21	13.06.2021	11:05	1.730000	MECH-INT	HM_L3_I_B	S	5564834			INT OPENING  FOR SCHEDULED ROUTINE TASKS SYSTEM: INTERIOR  OPEN ACCESS PANELS REQUIRED BY S	OH-LZK/H-21 C04	32B	7.320547	05.06.2021	15.06.2021	13.06.2021	LZK/C04-RW-21
6559540	50665	TUPYO	13.06.2021	10:00	13.06.2021	10:30	0.500000	AVIO	HM_L2_A_B	S	5428056			AVIO OPENING FOR SCHEDULED ROUTINE TASKS SYSTEM: AVIONIC   OPEN ACCESS PANELS REQUIRED BY S	GFS/H-21/K+2K+4K+C+ADD WORKS	ATR-72	19.652054	01.06.2021	21.06.2021	13.06.2021	GFS/MAY-RO-21
6559532	50643	KANIAA	13.06.2021	11:00	13.06.2021	12:00	1.000000	MECH	LM_A	S	5572407		13.06.2021	SP-LIL PARKING PARKING PERFORMED I.A.W LOT/PP/ERJ/01						13.06.2021	DH/APRON
6559529	50434	KACLA	13.06.2021	13:05	13.06.2021	15:51	2.770000	MECH-INT	HM_L2_I_B	TC	531157-DVI-10000-1-000		13.06.2021	PERF. TASKCARD 531157-DVI-10000-1-000, Rev. 0 INFO	GFS/H-21/K+2K+4K+C+ADD WORKS	ATR-72	19.652054	01.06.2021	21.06.2021	13.06.2021	
6559528	50039	TRUTENKO	13.06.2021	11:00	13.06.2021	12:00	1.000000	MECH	LM_A	S	5572407		13.06.2021	SP-LIL PARKING PARKING PERFORMED I.A.W LOT/PP/ERJ/01						13.06.2021	DH/APRON
6559523	50643	KANIAA	13.06.2021	09:10	13.06.2021	10:45	1.580000	MECH	LM_A	M	5565406	5547899		FINDING (NRC) W/O 5547899 BOTH ENGINES HUMIDITY OUT OF LIMIT: ENG 1: FWD 50%	OH-LZO/L-130621 TU - ENG HUM	32B	4.210958	13.06.2021	13.06.2021	13.06.2021	FIN/PAR-F-21
6559521	50039	TRUTENKO	13.06.2021	08:00	13.06.2021	10:45	2.750000	MECH	LM_A	M	5565406	5547899		FINDING (NRC) W/O 5547899 BOTH ENGINES HUMIDITY OUT OF LIMIT: ENG 1: FWD 50%	OH-LZO/L-130621 TU - ENG HUM	32B	4.210958	13.06.2021	13.06.2021	13.06.2021	FIN/PAR-F-21
6559517	50779	LUKESI	13.06.2021	13:07	13.06.2021	16:58	3.850000	SHM	HM_L3_S_B	M	5567149	302100-OPT-10000-1-000		FINDING (NRC) TASKCARD 302100-OPT-10000-1-000 (7)  ENG#1: BOTOM STRUCTURE /  AFT FAIRING  REF. SRM 54	GFS/H-21/K+2K+4K+C+ADD WORKS	ATR-72	19.652054	01.06.2021	21.06.2021	13.06.2021	GFS/1C-RWF-21
6559516	50578	TYLEA	13.06.2021	13:06	13.06.2021	16:58	3.870000	SHM	HM_L3_S_B	M	5567149	302100-OPT-10000-1-000		FINDING (NRC) TASKCARD 302100-OPT-10000-1-000 (7)  ENG#1: BOTOM STRUCTURE /  AFT FAIRING  REF. SRM 54	GFS/H-21/K+2K+4K+C+ADD WORKS	ATR-72	19.652054	01.06.2021	21.06.2021	13.06.2021	GFS/1C-RWF-21
6559499	51661	KRALIKJ	13.06.2021	11:57	13.06.2021	12:57	1.000000	ENG		M	5567081	57-950-01		FINDING (NRC) TASKCARD 57-950-01 (0) / ITEM 1 EXT- THERE WAS FOUND CORRODED R/H WINGLET L/E MID	OK-FTP/H-21 BRIDGE	73J	13.939726	03.06.2021	24.06.2021	13.06.2021	FTP/8Y-RWF-21
6559497	51294	GAZAO	13.06.2021	07:00	13.06.2021	08:30	1.500000	SHM	HM_L3_S_B	M	5570425	ZL-500-02-1	13.06.2021	FINDING (NRC) TASKCARD ZL-500-02-1 (1.0) / ITEM 1 SHM: L/H WING: THE RUBBING STRIP ON TRAILING EDGE	OH-LZK/H-21 C04	32B	7.320547	05.06.2021	15.06.2021	13.06.2021	LZK/C04-RWF-21
6559495	51379	KINDLO	13.06.2021	07:00	13.06.2021	09:00	2.000000	SHM	HM_L3_S_B	M	5570425	ZL-500-02-1	13.06.2021	FINDING (NRC) TASKCARD ZL-500-02-1 (1.0) / ITEM 1 SHM: L/H WING: THE RUBBING STRIP ON TRAILING EDGE	OH-LZK/H-21 C04	32B	7.320547	05.06.2021	15.06.2021	13.06.2021	LZK/C04-RWF-21
6559489	51668	KEKELYZ	13.06.2021	12:01	13.06.2021	12:46	0.750000	MECH-INT	HM_L3_I_B	M	5570083	335100-001	13.06.2021	FINDING (NRC) TASKCARD 335100-001 (1.0) / ITEM 1 INT: THE FILTER FILM FROM EMERGENCY ESCAPE PATH MA	OH-LZK/H-21 C04	32B	7.320547	05.06.2021	15.06.2021	13.06.2021	LZK/C04-ROF-21
6559486	50486	MIRACKYE	13.06.2021	12:45	13.06.2021	15:00	2.250000	MECH-LDG	HM_L2_L_B	M	5565776	081200-CSA-10000-1-000		FINDING (NRC) TASKCARD 081200-CSA-10000-1-000 (7)  LDG: DURING THE LANDING GEAR SHOCK ABSORBER CHECK	GFS/H-21/K+2K+4K+C+ADD WORKS	ATR-72	19.652054	01.06.2021	21.06.2021	13.06.2021	GFS/4K-RWF-21
6559485	50796	BOUMAE	13.06.2021	12:44	13.06.2021	15:00	2.270000	MECH-LDG	HM_L2_L_B	M	5565776	081200-CSA-10000-1-000		FINDING (NRC) TASKCARD 081200-CSA-10000-1-000 (7)  LDG: DURING THE LANDING GEAR SHOCK ABSORBER CHECK	GFS/H-21/K+2K+4K+C+ADD WORKS	ATR-72	19.652054	01.06.2021	21.06.2021	13.06.2021	GFS/4K-RWF-21
6559484	50466	CASLAVAO	13.06.2021	12:30	13.06.2021	16:45	4.250000	SHM	HM_L1_S_B	M	5567158	302100-OPT-10000-1-000		FINDING (NRC) TASKCARD 302100-OPT-10000-1-000 (7)  ENG#2: BOTOM STRUCTURE /  AFT FAIRING  REF. SRM 54	GFS/H-21/K+2K+4K+C+ADD WORKS	ATR-72	19.652054	01.06.2021	21.06.2021	13.06.2021	GFS/1C-RWF-21
6559483	50456	LEHOVECU	13.06.2021	12:30	13.06.2021	15:45	3.250000	SHM	HM_L1_S_B	M	5567158	302100-OPT-10000-1-000		FINDING (NRC) TASKCARD 302100-OPT-10000-1-000 (7)  ENG#2: BOTOM STRUCTURE /  AFT FAIRING  REF. SRM 54	GFS/H-21/K+2K+4K+C+ADD WORKS	ATR-72	19.652054	01.06.2021	21.06.2021	13.06.2021	GFS/1C-RWF-21
6559482	50418	KUPECM	13.06.2021	10:30	13.06.2021	12:30	2.000000	SHM	HM_L3_S_B	M	5570433	ZL-500-02-1	13.06.2021	FINDING (NRC) TASKCARD ZL-500-02-1 (1.0) / ITEM 1 SHM: R/H WING: THE NOSE SKIN CUT-OUT AT THE UP-STO	OH-LZK/H-21 C04	32B	7.320547	05.06.2021	15.06.2021	13.06.2021	LZK/C04-RWF-21
6559480	50418	KUPECM	13.06.2021	08:30	13.06.2021	10:30	2.000000	SHM	HM_L3_S_B	M	5570429	ZL-500-02-1	13.06.2021	FINDING (NRC) TASKCARD ZL-500-02-1 (1.0) / ITEM 1 SHM: L/H WING: THE NOSE SKIN CUT-OUT AT THE UP-STO	OH-LZK/H-21 C04	32B	7.320547	05.06.2021	15.06.2021	13.06.2021	LZK/C04-RWF-21
6559479	50797	CHLUPD	13.06.2021	12:30	13.06.2021	13:46	1.270000	MECH-EXT	HM_L3_F_B	S	5564833			EXT OPENING FOR SCHEDULED ROUTINE TASKS SYSTEM: EXTERIOR   OPEN ACCESS PANELS REQUIRED BY	OH-LZK/H-21 C04	32B	7.320547	05.06.2021	15.06.2021	13.06.2021	LZK/C04-RW-21
6559478	50640	KLIMEST	13.06.2021	12:39	13.06.2021	13:45	1.100000	MECH-EXT	HM_L3_F_B	S	5564833			EXT OPENING FOR SCHEDULED ROUTINE TASKS SYSTEM: EXTERIOR   OPEN ACCESS PANELS REQUIRED BY	OH-LZK/H-21 C04	32B	7.320547	05.06.2021	15.06.2021	13.06.2021	LZK/C04-RW-21
6559476	50847	BUSILC	13.06.2021	12:36	13.06.2021	13:53	1.280000	MECH-EXT	HM_L3_F_B	M	5567144	110000-005		FINDING (NRC) TASKCARD 110000-005 (1.0) / ITEM 1 EXT: L/H WING: PLACARD "WATER DRAIN VALVE" WAS FOU	OH-LZK/H-21 C04	32B	7.320547	05.06.2021	15.06.2021	13.06.2021	LZK/C04-ROF-21
6559472	50781	NOVBKG	13.06.2021	06:00	13.06.2021	07:00	1.000000	NDT	ND_D7	S	5570568			#1# LH WING-TORQUE TUBE TO INBD CARRIAGE OF INBD F MANDATORY: PERFORM 737-57A1314 (SERVICE BULLETIN)	OK-FTP/H-21 BRIDGE	73J	13.939726	03.06.2021	24.06.2021	13.06.2021	FTP/8Y-CR-21
6559471	50766	DVORACES	13.06.2021	12:00	13.06.2021	13:05	1.080000	PAINT	SH_VA_1	M	5570413	ZL-500-03-1	13.06.2021	FINDING (NRC) TASKCARD ZL-500-03-1 (1.0) / ITEM 1 PAINT: R/H WING: THE PAINT ON SPOILER NO.1 UPPER S	OH-LZK/H-21 C04	32B	7.320547	05.06.2021	15.06.2021	13.06.2021	LZK/C04-RWF-21
6559469	50766	DVORACES	13.06.2021	11:30	13.06.2021	12:00	0.500000	PAINT	SH_VA_1	M	5499997	5492272		FINDING (NRC) W/O 5492272 REF. TO WORKSTEP 5 OF THE WO: 5492272. ON THE LOWE	OH-LZK/H-21 C04	32B	7.320547	05.06.2021	15.06.2021	13.06.2021	FIN/PAR-F-21
6559468	50766	DVORACES	13.06.2021	09:50	13.06.2021	11:30	1.670000	PAINT	SH_VA_1	M	5570423	ZL-500-02-1	13.06.2021	FINDING (NRC) TASKCARD ZL-500-02-1 (1.0) / ITEM 1 PAINT: R/H & L/H WING: PLS RESTORE PAINT ON INBD F	OH-LZK/H-21 C04	32B	7.320547	05.06.2021	15.06.2021	13.06.2021	LZK/C04-RWF-21
6559466	50544	RYCHLYA	13.06.2021	11:00	13.06.2021	11:30	0.500000	SHM	HM_L4_S_B	M	5572309	53-858-00		FINDING (NRC) TASKCARD 53-858-00 (0) / ITEM 1 SHM: DURING GVI INSPECTION WAS FOUND BURN MARK ON	OK-FTP/H-21 BRIDGE	73J	13.939726	03.06.2021	24.06.2021	13.06.2021	FTP/8Y-CRF-21
6559465	50544	RYCHLYA	13.06.2021	10:30	13.06.2021	11:00	0.500000	SHM	HM_L4_S_B	M	5572308	53-858-00		FINDING (NRC) TASKCARD 53-858-00 (0) / ITEM 1 SHM: DURING GVI INSPECTION WERE FOUND BURN MARKS O	OK-FTP/H-21 BRIDGE	73J	13.939726	03.06.2021	24.06.2021	13.06.2021	FTP/8Y-CRF-21
6559464	50544	RYCHLYA	13.06.2021	10:00	13.06.2021	10:30	0.500000	SHM	HM_L4_S_B	M	5572307	53-858-00		FINDING (NRC) TASKCARD 53-858-00 (0) / ITEM 1 SHM: DURING GVI INSPECTION WAS FOUND BURN MARK ON	OK-FTP/H-21 BRIDGE	73J	13.939726	03.06.2021	24.06.2021	13.06.2021	FTP/8Y-CRF-21
6559463	50544	RYCHLYA	13.06.2021	09:30	13.06.2021	10:00	0.500000	SHM	HM_L4_S_B	M	5572306	53-858-00		FINDING (NRC) TASKCARD 53-858-00 (0) / ITEM 1 SHM: DURING GVI INSPECTION WAS FOUND BURN MARK ON	OK-FTP/H-21 BRIDGE	73J	13.939726	03.06.2021	24.06.2021	13.06.2021	FTP/8Y-CRF-21
6559462	50544	RYCHLYA	13.06.2021	09:00	13.06.2021	09:30	0.500000	SHM	HM_L4_S_B	M	5572305	53-858-00		FINDING (NRC) TASKCARD 53-858-00 (0) / ITEM 1 SHM: DURING GVI INSPECTION WAS FOUND BURN MARK ON	OK-FTP/H-21 BRIDGE	73J	13.939726	03.06.2021	24.06.2021	13.06.2021	FTP/8Y-CRF-21
6559461	50544	RYCHLYA	13.06.2021	08:30	13.06.2021	09:00	0.500000	SHM	HM_L4_S_B	M	5572304	53-858-00		FINDING (NRC) TASKCARD 53-858-00 (0) / ITEM 1 SHM: DURING GVI INSPECTION WAS FOUND BURN MARK ON	OK-FTP/H-21 BRIDGE	73J	13.939726	03.06.2021	24.06.2021	13.06.2021	FTP/8Y-CRF-21
6559460	50544	RYCHLYA	13.06.2021	08:00	13.06.2021	08:30	0.500000	SHM	HM_L4_S_B	M	5572303	53-858-00		FINDING (NRC) TASKCARD 53-858-00 (0) / ITEM 1 SHM: DURING GVI INSPECTION WAS FOUND BURN MARK ON	OK-FTP/H-21 BRIDGE	73J	13.939726	03.06.2021	24.06.2021	13.06.2021	FTP/8Y-CRF-21
6559459	50544	RYCHLYA	13.06.2021	07:30	13.06.2021	08:00	0.500000	SHM	HM_L4_S_B	M	5572302	53-858-00		FINDING (NRC) TASKCARD 53-858-00 (0) / ITEM 1 SHM: DURING GVI INSPECTION WAS FOUND BURN MARK ON	OK-FTP/H-21 BRIDGE	73J	13.939726	03.06.2021	24.06.2021	13.06.2021	FTP/8Y-CRF-21
6559458	50640	KLIMEST	13.06.2021	12:03	13.06.2021	12:39	0.600000	MECH-EXT	HM_L3_F_B	M	5570429	ZL-500-02-1	13.06.2021	FINDING (NRC) TASKCARD ZL-500-02-1 (1.0) / ITEM 1 SHM: L/H WING: THE NOSE SKIN CUT-OUT AT THE UP-STO	OH-LZK/H-21 C04	32B	7.320547	05.06.2021	15.06.2021	13.06.2021	LZK/C04-RWF-21
6559457	50640	KLIMEST	13.06.2021	11:27	13.06.2021	12:03	0.600000	MECH-EXT	HM_L3_F_B	M	5570433	ZL-500-02-1	13.06.2021	FINDING (NRC) TASKCARD ZL-500-02-1 (1.0) / ITEM 1 SHM: R/H WING: THE NOSE SKIN CUT-OUT AT THE UP-STO	OH-LZK/H-21 C04	32B	7.320547	05.06.2021	15.06.2021	13.06.2021	LZK/C04-RWF-21
6559456	50544	RYCHLYA	13.06.2021	07:00	13.06.2021	07:30	0.500000	SHM	HM_L4_S_B	M	5572301	53-858-00		FINDING (NRC) TASKCARD 53-858-00 (0) / ITEM 1 SHM: DURING GVI INSPECTION WERE FOUND 3 BURN MARKS	OK-FTP/H-21 BRIDGE	73J	13.939726	03.06.2021	24.06.2021	13.06.2021	FTP/8Y-CRF-21
6559455	50544	RYCHLYA	13.06.2021	06:30	13.06.2021	07:00	0.500000	SHM	HM_L4_S_B	M	5572300	53-858-00		FINDING (NRC) TASKCARD 53-858-00 (0) / ITEM 1 SHM: DURING GVI INSPECTION WERE FOUND 5 BURN MARKS	OK-FTP/H-21 BRIDGE	73J	13.939726	03.06.2021	24.06.2021	13.06.2021	FTP/8Y-CRF-21
6559454	50282	PETROVIA	13.06.2021	09:50	13.06.2021	10:20	0.500000	JOIN	SH_JO_1	M	5567260	252000-002		FINDING (NRC) TASKCARD 252000-002 (1.0) / ITEM 1 INT: DURING INSPECTION WAS FOUND DENT ON RH DOGHOU	OH-LZK/H-21 C04	32B	7.320547	05.06.2021	15.06.2021	13.06.2021	LZK/C04-ROF-21
6559453	50377	DLUBALO	13.06.2021	06:30	13.06.2021	17:37	11.120000	MECH-ENG	HM_L1_E_B	TC	71-000-01-COMP		13.06.2021	INFO ONLY	FTO/L-040621 LONG TERM ST INIT	73J	14.024657	04.06.2021	04.06.2021	13.06.2021	
6559451	50812	CUDRAKV	13.06.2021	09:00	13.06.2021	09:50	0.830000	MECH-EXT	HM_L2_F_B	M	5567127	575304-DVI-10000-1-000		FINDING (NRC) TASKCARD 575304-DVI-10000-1-000 (7)  EXT: AFT UPPER BEARING WAS FOUND WORN AND CORRODED	GFS/H-21/K+2K+4K+C+ADD WORKS	ATR-72	19.652054	01.06.2021	21.06.2021	13.06.2021	GFS/4K-RWF-21
6559450	50812	CUDRAKV	13.06.2021	09:50	13.06.2021	11:24	1.570000	MECH-EXT	HM_L2_F_B	M	5567131	575304-DVI-10000-1-000		FINDING (NRC) TASKCARD 575304-DVI-10000-1-000 (7)  EXT: FWD. LWR BEARING WAS FOUND WORN AND CORRODED	GFS/H-21/K+2K+4K+C+ADD WORKS	ATR-72	19.652054	01.06.2021	21.06.2021	13.06.2021	GFS/4K-RWF-21
6559449	50796	BOUMAE	13.06.2021	10:35	13.06.2021	11:40	1.080000	MECH-LDG	HM_L2_L_B	M	5572412	ZL-751-GVI-10010-1-000		FINDING (NRC) TASKCARD ZL-751-GVI-10010-1-000 (6)  LDG:DURING INSPECTION TAIL BUMPER  WELL WAS FOUND	GFS/H-21/K+2K+4K+C+ADD WORKS	ATR-72	19.652054	01.06.2021	21.06.2021	13.06.2021	GFS/4K-RWF-21
6559448	50376	KALASA	13.06.2021	11:00	13.06.2021	11:20	0.330000	MECH	LM_A	TC	54-020-01		13.06.2021	INFO ONLY - GENERAL  INTERNAL - GENERAL VISUAL:  LEFT STRUT FORWARD AN	FTO/L-040621 LONG TERM ST INIT	73J	14.024657	04.06.2021	04.06.2021	13.06.2021	
6559447	51655	SIRYM	13.06.2021	12:40	13.06.2021	16:23	3.720000	MECH-EXT	HM_L2_F_B	M	5572414	ZL-600-GVI-10000-1-000	13.06.2021	FINDING (NRC) TASKCARD ZL-600-GVI-10000-1-000 (7)  EXT. R/H T/E - SIX BRACKETS ASSY ON LOWER SIDE OF	GFS/H-21/K+2K+4K+C+ADD WORKS	ATR-72	19.652054	01.06.2021	21.06.2021	13.06.2021	GFS/MAY-ROF-21
6559446	50279	CERVENYI	13.06.2021	09:49	13.06.2021	11:25	1.600000	MECH-EXT	HM_L3_F_B	M	5567171	110000-004		#1 AFT TAIL AREA EXT: THE PLACARD "CAUTION FLIGHTS RECORDERS" WAS F	OH-LZK/H-21 C04	32B	7.320547	05.06.2021	15.06.2021	13.06.2021	LZK/C04-ROF-21
6559444	50801	DVORACEV	13.06.2021	09:05	13.06.2021	10:00	0.920000	SHM	HM_L2_S_B	M	5567097	ZL-100-GVI-10000-1-000	13.06.2021	FINDING (NRC) TASKCARD ZL-100-GVI-10000-1-000 (7)  POSITIVE DENT WAS FOUND ON THE FUSELAGE SKIN  BETW	GFS/H-21/K+2K+4K+C+ADD WORKS	ATR-72	19.652054	01.06.2021	21.06.2021	13.06.2021	GFS/MAY-ROF-21
6559443	50609	KAMRLAO	13.06.2021	09:41	13.06.2021	10:56	1.250000	MECH-LDG	HM_L3_L_B	M	5567096	5523937		FINDING (NRC) W/O 5523937 LDG/BASED ON AMM TASK 10-30-00-554-005-A RETURN TO	OH-LZK/L-PARKING-11/21	32B	6.753424	10.11.2020	29.05.2021	13.06.2021	FIN/PAR-F-21
6559442	50609	KAMRLAO	13.06.2021	08:28	13.06.2021	09:41	1.220000	MECH-LDG	HM_L3_L_B	M	5570399	291000-15-1		FINDING (NRC) TASKCARD 291000-15-1 (1.0) / ITEM 1 LDG/THE GREEN HYDRAULIC SYSTEM SAMPLE WAS FOUND WI	OH-LZK/H-21 C04	32B	7.320547	05.06.2021	15.06.2021	13.06.2021	LZK/C04-RWF-21
6559441	50609	KAMRLAO	13.06.2021	08:07	13.06.2021	08:28	0.350000	MECH-LDG	HM_L3_L_B	M	5570769	ZL-734-01-1	13.06.2021	MLG DOOR PAINT LDG: THE L/H AND R/H MLG DOORS WERE FOUND WITH PAR	OH-LZK/H-21 C04	32B	7.320547	05.06.2021	15.06.2021	13.06.2021	LZK/C04-RWF-21
6559440	50609	KAMRLAO	13.06.2021	08:05	13.06.2021	08:07	0.030000	MECH-LDG	HM_L3_L_B	M	5463612	5462113		PROTECTION OF THE WHEELS REF. SUBTASK 10-10-00-620-052-A PROTECTION OF THE	OH-LZK/L-PARKING-11/21	32B	6.753424	10.11.2020	29.05.2021	13.06.2021	FIN/PAR-F-20
6559439	50609	KAMRLAO	13.06.2021	06:56	13.06.2021	08:05	1.150000	MECH-LDG	HM_L3_L_B	M	5463790	5462110		FINDING (NRC) W/O 5462110 CORROSION ON BRAKE TORQUE TUBES  WAS FOUND.SEE PHO	OH-LZK/L-PARKING-11/21	32B	6.753424	10.11.2020	29.05.2021	13.06.2021	FIN/PAR-F-20
6559438	51654	LAGAM	13.06.2021	10:54	13.06.2021	11:35	0.680000	MECH-LDG	HM_L3_L_B	S	5564835			LDG OPENING FOR SCHEDULED ROUTINE TASKS SYSTEM: LANDING GEAR  OPEN ACCESS PANELS REQUIRED	OH-LZK/H-21 C04	32B	7.320547	05.06.2021	15.06.2021	13.06.2021	LZK/C04-RW-21
6559437	51220	SASSI	13.06.2021	10:54	13.06.2021	11:35	0.680000	MECH-LDG	HM_L3_L_B	S	5564835			LDG OPENING FOR SCHEDULED ROUTINE TASKS SYSTEM: LANDING GEAR  OPEN ACCESS PANELS REQUIRED	OH-LZK/H-21 C04	32B	7.320547	05.06.2021	15.06.2021	13.06.2021	LZK/C04-RW-21
6559436	51341	ROSAV	13.06.2021	09:55	13.06.2021	11:30	1.580000	SHM	HM_L4_S_B	M	5570049	53-380-00		FINDING (NRC) TASKCARD 53-380-00 (0)  STA 986.5 STA 986.5 LBL 45.50 : FLOOR BEAM WAS FOUND CORRODE	OK-FTP/H-21 BRIDGE	73J	13.939726	03.06.2021	24.06.2021	13.06.2021	FTP/8Y-RWF-21
6559435	51223	SIMAU	13.06.2021	07:15	13.06.2021	10:45	3.500000	MECH-EXT	HM_L2_F_B	M	5567067	ZL-300-GVI-10000-1-000		FINDING (NRC) TASKCARD ZL-300-GVI-10000-1-000 (7)  EXT.TAIL CONE-THE DIVERTER STRIPS WERE FOUND DAMAG	GFS/H-21/K+2K+4K+C+ADD WORKS	ATR-72	19.652054	01.06.2021	21.06.2021	13.06.2021	GFS/MAY-ROF-21
6559434	50645	MEKOTAA	13.06.2021	07:15	13.06.2021	10:44	3.480000	MECH-EXT	HM_L2_F_B	M	5567067	ZL-300-GVI-10000-1-000		FINDING (NRC) TASKCARD ZL-300-GVI-10000-1-000 (7)  EXT.TAIL CONE-THE DIVERTER STRIPS WERE FOUND DAMAG	GFS/H-21/K+2K+4K+C+ADD WORKS	ATR-72	19.652054	01.06.2021	21.06.2021	13.06.2021	GFS/MAY-ROF-21
6559433	50454	SMEHLIKI	13.06.2021	09:55	13.06.2021	12:00	2.080000	SHM	HM_L4_S_B	M	5570049	53-380-00		FINDING (NRC) TASKCARD 53-380-00 (0)  STA 986.5 STA 986.5 LBL 45.50 : FLOOR BEAM WAS FOUND CORRODE	OK-FTP/H-21 BRIDGE	73J	13.939726	03.06.2021	24.06.2021	13.06.2021	FTP/8Y-RWF-21
6559432	50418	KUPECM	13.06.2021	07:30	13.06.2021	08:30	1.000000	SHM	HM_L3_S_B	M	5570401	ZL-334-01-1	13.06.2021	FINDING (NRC) TASKCARD ZL-334-01-1 (1.0) / ITEM 1 EXT.KLE.TAIL > THE UPPER BONDING STRAP AT L/H HOR.	OH-LZK/H-21 C04	32B	7.320547	05.06.2021	15.06.2021	13.06.2021	LZK/C04-RWF-21
6559431	50454	SMEHLIKI	13.06.2021	09:15	13.06.2021	09:55	0.670000	SHM	HM_L4_S_B	M	5567048	53-050-00		FINDING (NRC) TASKCARD 53-050-00 (0) / ITEM 1 LDG/KOM/SHM: CRACK WAS FOUND ON THE EXISTING VAPOR	OK-FTP/H-21 BRIDGE	73J	13.939726	03.06.2021	24.06.2021	13.06.2021	FTP/8Y-RWF-21
6559429	50801	DVORACEV	13.06.2021	08:30	13.06.2021	09:00	0.500000	SHM	HM_L2_S_B	M	5567066	ZL-240-GVI-10010-1-000	13.06.2021	FINDING (NRC) TASKCARD ZL-240-GVI-10010-1-000 (8)  DENT WAS FOUND ON THE FUSELAGE SKIN  BETWEEN FR 23	GFS/H-21/K+2K+4K+C+ADD WORKS	ATR-72	19.652054	01.06.2021	21.06.2021	13.06.2021	GFS/1C-RWF-21
6559426	51501	BYRTUSM	13.06.2021	06:00	13.06.2021	08:00	2.000000	MECH-EXT	HM_L4_F_B	M	5567081	57-950-01		FINDING (NRC) TASKCARD 57-950-01 (0) / ITEM 1 EXT- THERE WAS FOUND CORRODED R/H WINGLET L/E MID	OK-FTP/H-21 BRIDGE	73J	13.939726	03.06.2021	24.06.2021	13.06.2021	FTP/8Y-RWF-21
6559425	50478	PITNERA	13.06.2021	06:00	13.06.2021	08:30	2.500000	MECH-EXT	HM_L4_F_B	M	5567081	57-950-01		FINDING (NRC) TASKCARD 57-950-01 (0) / ITEM 1 EXT- THERE WAS FOUND CORRODED R/H WINGLET L/E MID	OK-FTP/H-21 BRIDGE	73J	13.939726	03.06.2021	24.06.2021	13.06.2021	FTP/8Y-RWF-21
6559423	50418	KUPECM	13.06.2021	06:30	13.06.2021	07:30	1.000000	SHM	HM_L3_S_B	M	5570857	ZL-451-01-2 A	13.06.2021	#1#FINDING (NRC) TASKCARD ZL-451-01-2 A (1.0) / IT ENG#2 L/H  TRANSLATING SLEEVE MISSING RIVET WAS FO	OH-LZK/H-21 C04	32B	7.320547	05.06.2021	15.06.2021	13.06.2021	LZK/C04-RWF-21
6559422	50796	BOUMAE	13.06.2021	09:30	13.06.2021	10:35	1.080000	MECH-LDG	HM_L2_L_B	M	5565776	081200-CSA-10000-1-000		FINDING (NRC) TASKCARD 081200-CSA-10000-1-000 (7)  LDG: DURING THE LANDING GEAR SHOCK ABSORBER CHECK	GFS/H-21/K+2K+4K+C+ADD WORKS	ATR-72	19.652054	01.06.2021	21.06.2021	13.06.2021	GFS/4K-RWF-21
6559421	50486	MIRACKYE	13.06.2021	09:30	13.06.2021	11:40	2.170000	MECH-LDG	HM_L2_L_B	M	5565776	081200-CSA-10000-1-000		FINDING (NRC) TASKCARD 081200-CSA-10000-1-000 (7)  LDG: DURING THE LANDING GEAR SHOCK ABSORBER CHECK	GFS/H-21/K+2K+4K+C+ADD WORKS	ATR-72	19.652054	01.06.2021	21.06.2021	13.06.2021	GFS/4K-RWF-21
6559418	50443	MIKESC	13.06.2021	10:43	13.06.2021	12:02	1.320000	MECH-INT	HM_L2_I_B	M	5567045	ZL-141-GVI-10050-1		INT: INSULATION FR36-44 - FINDING (NRC) TASKCARD Z THE UNDERFLOOR INSULATION BLANKETS BETWEEN FR36-FR	GFS/H-21/K+2K+4K+C+ADD WORKS	ATR-72	19.652054	01.06.2021	21.06.2021	13.06.2021	GFS/2K-RWF-21
6559417	50443	MIKESC	13.06.2021	09:24	13.06.2021	10:43	1.320000	MECH-INT	HM_L2_I_B	M	5567279	ZL-121-GVI-10000-3-000		INT: INSULATION FR13-19 FINDING (NRC) TASKCARD ZL- THE UNDERFLOOR INSULATION BLANKETS BETWEEN FR13-FR	GFS/H-21/K+2K+4K+C+ADD WORKS	ATR-72	19.652054	01.06.2021	21.06.2021	13.06.2021	GFS/2K-RWF-21
6559416	50443	MIKESC	13.06.2021	08:06	13.06.2021	09:24	1.300000	MECH-INT	HM_L2_I_B	M	5567043	ZL-141-GVI-10050-1		INT: INSULATION FR 27-36 - FINDING (NRC) TASKCARD  THE UNDERFLOOR INSULATION BLANKETS BETWEEN FR27-FR	GFS/H-21/K+2K+4K+C+ADD WORKS	ATR-72	19.652054	01.06.2021	21.06.2021	13.06.2021	GFS/2K-RWF-21
6559414	52040	SHLYAKHM	13.06.2021	10:11	13.06.2021	12:02	1.850000	MECH-INT	HM_L2_I_B	M	5567045	ZL-141-GVI-10050-1		INT: INSULATION FR36-44 - FINDING (NRC) TASKCARD Z THE UNDERFLOOR INSULATION BLANKETS BETWEEN FR36-FR	GFS/H-21/K+2K+4K+C+ADD WORKS	ATR-72	19.652054	01.06.2021	21.06.2021	13.06.2021	GFS/2K-RWF-21
6559413	52040	SHLYAKHM	13.06.2021	08:20	13.06.2021	10:11	1.850000	MECH-INT	HM_L2_I_B	M	5567279	ZL-121-GVI-10000-3-000		INT: INSULATION FR13-19 FINDING (NRC) TASKCARD ZL- THE UNDERFLOOR INSULATION BLANKETS BETWEEN FR13-FR	GFS/H-21/K+2K+4K+C+ADD WORKS	ATR-72	19.652054	01.06.2021	21.06.2021	13.06.2021	GFS/2K-RWF-21
6559412	52040	SHLYAKHM	13.06.2021	06:29	13.06.2021	06:40	0.180000	MECH-INT	HM_L2_I_B	M	5567043	ZL-141-GVI-10050-1		INT: INSULATION FR 27-36 - FINDING (NRC) TASKCARD  THE UNDERFLOOR INSULATION BLANKETS BETWEEN FR27-FR	GFS/H-21/K+2K+4K+C+ADD WORKS	ATR-72	19.652054	01.06.2021	21.06.2021	13.06.2021	GFS/2K-RWF-21
6559411	50676	PANEKR	13.06.2021	11:17	13.06.2021	12:02	0.750000	MECH-INT	HM_L2_I_B	M	5567045	ZL-141-GVI-10050-1		INT: INSULATION FR36-44 - FINDING (NRC) TASKCARD Z THE UNDERFLOOR INSULATION BLANKETS BETWEEN FR36-FR	GFS/H-21/K+2K+4K+C+ADD WORKS	ATR-72	19.652054	01.06.2021	21.06.2021	13.06.2021	GFS/2K-RWF-21
6559410	50676	PANEKR	13.06.2021	10:33	13.06.2021	11:17	0.730000	MECH-INT	HM_L2_I_B	M	5567279	ZL-121-GVI-10000-3-000		INT: INSULATION FR13-19 FINDING (NRC) TASKCARD ZL- THE UNDERFLOOR INSULATION BLANKETS BETWEEN FR13-FR	GFS/H-21/K+2K+4K+C+ADD WORKS	ATR-72	19.652054	01.06.2021	21.06.2021	13.06.2021	GFS/2K-RWF-21
6559409	50676	PANEKR	13.06.2021	09:49	13.06.2021	10:33	0.730000	MECH-INT	HM_L2_I_B	M	5567043	ZL-141-GVI-10050-1		INT: INSULATION FR 27-36 - FINDING (NRC) TASKCARD  THE UNDERFLOOR INSULATION BLANKETS BETWEEN FR27-FR	GFS/H-21/K+2K+4K+C+ADD WORKS	ATR-72	19.652054	01.06.2021	21.06.2021	13.06.2021	GFS/2K-RWF-21
6559408	50676	PANEKR	13.06.2021	06:23	13.06.2021	09:46	3.380000	MECH-INT	HM_L2_I_B	M	5567354	562101-DVI-10000-2-000		INT: PAX CABIN WINDOWS FINDING 562101-DVI-10000-2- INT: PAX CABIN WINDOW OUTER PANES WERE FOUND CHIPP	GFS/H-21/K+2K+4K+C+ADD WORKS	ATR-72	19.652054	01.06.2021	21.06.2021	13.06.2021	GFS/1K-RWF-21
6559407	50434	KACLA	13.06.2021	10:07	13.06.2021	12:02	1.920000	MECH-INT	HM_L2_I_B	M	5567043	ZL-141-GVI-10050-1		INT: INSULATION FR 27-36 - FINDING (NRC) TASKCARD  THE UNDERFLOOR INSULATION BLANKETS BETWEEN FR27-FR	GFS/H-21/K+2K+4K+C+ADD WORKS	ATR-72	19.652054	01.06.2021	21.06.2021	13.06.2021	GFS/2K-RWF-21
6559406	50434	KACLA	13.06.2021	06:28	13.06.2021	10:07	3.650000	MECH-INT	HM_L2_I_B	M	5566326	ZL-211-GVI-10000-1-000		INT: FLIGHT CONT COMP SIDEWALL PNL. ZL-211-GVI-100 INT: FLIGHT CONT COMP SIDEWALL PANELS STUDS WERE F	GFS/H-21/K+2K+4K+C+ADD WORKS	ATR-72	19.652054	01.06.2021	21.06.2021	13.06.2021	GFS/1C-RWF-21
6559405	50987	PRUSAE	13.06.2021	09:30	13.06.2021	10:00	0.500000	LDG	LG_OV_B	M	5570416	32-808-02		FINDING (NRC) TASKCARD 32-808-02 (0) / ITEM 1 LDG: TWO SCRATCHES  WERE FOUND ON THE TRANSIENT RA	OK-FTP/H-21 BRIDGE	73J	13.939726	03.06.2021	24.06.2021	13.06.2021	FTP/8Y-RWF-21
6559404	50466	CASLAVAO	13.06.2021	09:00	13.06.2021	11:30	2.500000	SHM	HM_L1_S_B	M	5567158	302100-OPT-10000-1-000		FINDING (NRC) TASKCARD 302100-OPT-10000-1-000 (7)  ENG#2: BOTOM STRUCTURE /  AFT FAIRING  REF. SRM 54	GFS/H-21/K+2K+4K+C+ADD WORKS	ATR-72	19.652054	01.06.2021	21.06.2021	13.06.2021	GFS/1C-RWF-21
6559403	50456	LEHOVECU	13.06.2021	09:15	13.06.2021	12:00	2.750000	SHM	HM_L1_S_B	M	5567158	302100-OPT-10000-1-000		FINDING (NRC) TASKCARD 302100-OPT-10000-1-000 (7)  ENG#2: BOTOM STRUCTURE /  AFT FAIRING  REF. SRM 54	GFS/H-21/K+2K+4K+C+ADD WORKS	ATR-72	19.652054	01.06.2021	21.06.2021	13.06.2021	GFS/1C-RWF-21
6559402	50987	PRUSAE	13.06.2021	09:00	13.06.2021	09:30	0.500000	LDG	LG_OV_B	M	5570132	32-804-01		FINDING (NRC) TASKCARD 32-804-01 (0) / ITEM 1 LDG: TWO SCRATCHES  WERE FOUND ON THE TRANSIENT RA	OK-FTP/H-21 BRIDGE	73J	13.939726	03.06.2021	24.06.2021	13.06.2021	FTP/8Y-RWF-21
6559401	51545	ZAZVONIF	13.06.2021	08:50	13.06.2021	09:50	1.000000	MECH-EXT	HM_L2_F_B	M	5570416	32-808-02		FINDING (NRC) TASKCARD 32-808-02 (0) / ITEM 1 LDG: TWO SCRATCHES  WERE FOUND ON THE TRANSIENT RA	OK-FTP/H-21 BRIDGE	73J	13.939726	03.06.2021	24.06.2021	13.06.2021	FTP/8Y-RWF-21
6559398	51545	ZAZVONIF	13.06.2021	07:50	13.06.2021	08:50	1.000000	MECH-EXT	HM_L2_F_B	M	5570132	32-804-01		FINDING (NRC) TASKCARD 32-804-01 (0) / ITEM 1 LDG: TWO SCRATCHES  WERE FOUND ON THE TRANSIENT RA	OK-FTP/H-21 BRIDGE	73J	13.939726	03.06.2021	24.06.2021	13.06.2021	FTP/8Y-RWF-21
6559397	51545	ZAZVONIF	13.06.2021	06:30	13.06.2021	07:50	1.330000	MECH-EXT	HM_L2_F_B	M	5489406	29-120-00-01	27.01.2021	FINDING (NRC) TASKCARD 29-120-00-01 (1.0) / ITEM 1 THIS WO HAS BEEN CREATED FOR LABEL BOOKING OF NLG	PH-HSK/H-21  HMV 3	73H	5.824657	19.01.2021	01.02.2021	13.06.2021	HSK/HM3-ROF21
6559396	50987	PRUSAE	13.06.2021	06:00	13.06.2021	09:00	3.000000	LDG	LG_OV_B	M	5489407	5487253	13.06.2021	FINDING (NRC) W/O 5487253 DURING WING INSPECTION FOUND CORROSION ON RIVETS H	OH-LZK/H-21 C04	32B	7.320547	05.06.2021	15.06.2021	13.06.2021	FIN/PAR-F-21
6559392	51501	BYRTUSM	13.06.2021	15:34	13.06.2021	17:02	1.470000	MECH-EXT	HM_L4_F_B	TC	27-182-01		13.06.2021	INFO ONLY - GENERAL  LUBRICATE THE LEFT WING SPOILER MECHANICAL CONTRO	OK-FTP/H-21 BRIDGE	73J	13.939726	03.06.2021	24.06.2021	13.06.2021	
6559391	51501	BYRTUSM	13.06.2021	14:07	13.06.2021	15:34	1.450000	MECH-EXT	HM_L4_F_B	TC	27-182-02		13.06.2021	INFO ONLY - GENERAL  LUBRICATE THE RIGHT WING SPOILER MECHANICAL CONTR	OK-FTP/H-21 BRIDGE	73J	13.939726	03.06.2021	24.06.2021	13.06.2021	
6559390	51501	BYRTUSM	13.06.2021	12:39	13.06.2021	14:07	1.470000	MECH-EXT	HM_L4_F_B	TC	27-182-00		13.06.2021	INFO ONLY - GENERAL  LUBRICATE THE SPOILER MIXER.	OK-FTP/H-21 BRIDGE	73J	13.939726	03.06.2021	24.06.2021	13.06.2021	
6559389	51501	BYRTUSM	13.06.2021	12:00	13.06.2021	12:39	0.650000	MECH-EXT	HM_L4_F_B	TC	27-026-01		13.06.2021	INFO ONLY - GENERAL  LUBRICATE THE LEFT WING AILERON MECHANICAL CONTRO	OK-FTP/H-21 BRIDGE	73J	13.939726	03.06.2021	24.06.2021	13.06.2021	
6559388	51501	BYRTUSM	13.06.2021	10:00	13.06.2021	11:00	1.000000	MECH-EXT	HM_L4_F_B	TC	27-026-02		13.06.2021	INFO ONLY - GENERAL  LUBRICATE THE RIGHT WING AILERON MECHANICAL CONTR	OK-FTP/H-21 BRIDGE	73J	13.939726	03.06.2021	24.06.2021	13.06.2021	
6559387	50433	PICHLERT	13.06.2021	07:58	13.06.2021	09:44	1.770000	AVIO	HM_L3_A_B	TC	227100-320		13.06.2021	UPDATE NAVIGATION DATABASE	OH-LZK/H-21 C04	32B	7.320547	05.06.2021	15.06.2021	13.06.2021	
6559385	50280	URVALEKT	13.06.2021	15:35	13.06.2021	16:45	1.170000	MECH-EXT	HM_L4_F_B	TC	27-026-02		13.06.2021	INFO ONLY - GENERAL  LUBRICATE THE RIGHT WING AILERON MECHANICAL CONTR	OK-FTP/H-21 BRIDGE	73J	13.939726	03.06.2021	24.06.2021	13.06.2021	
6559384	50280	URVALEKT	13.06.2021	14:20	13.06.2021	15:35	1.250000	MECH-EXT	HM_L4_F_B	TC	27-026-01		13.06.2021	INFO ONLY - GENERAL  LUBRICATE THE LEFT WING AILERON MECHANICAL CONTRO	OK-FTP/H-21 BRIDGE	73J	13.939726	03.06.2021	24.06.2021	13.06.2021	
6559383	50280	URVALEKT	13.06.2021	12:50	13.06.2021	14:20	1.500000	MECH-EXT	HM_L4_F_B	TC	27-182-00		13.06.2021	INFO ONLY - GENERAL  LUBRICATE THE SPOILER MIXER.	OK-FTP/H-21 BRIDGE	73J	13.939726	03.06.2021	24.06.2021	13.06.2021	
6559382	50280	URVALEKT	13.06.2021	12:00	13.06.2021	12:50	0.830000	MECH-EXT	HM_L4_F_B	TC	27-182-02		13.06.2021	INFO ONLY - GENERAL  LUBRICATE THE RIGHT WING SPOILER MECHANICAL CONTR	OK-FTP/H-21 BRIDGE	73J	13.939726	03.06.2021	24.06.2021	13.06.2021	
6559381	50797	CHLUPD	13.06.2021	09:44	13.06.2021	11:59	2.250000	MECH-EXT	HM_L3_F_B	M	5569921	ZL-590-01-1	13.06.2021	# 1 # FINDING (NRC) TASKCARD ZL-590-01-1 (1.0) / I EXT : RH AILERON : THE LWR SEAL ON INBD SIDE OF RH	OH-LZK/H-21 C04	32B	7.320547	05.06.2021	15.06.2021	13.06.2021	LZK/C04-RWF-21
6559380	50280	URVALEKT	13.06.2021	11:00	13.06.2021	12:00	1.000000	MECH-EXT	HM_L4_F_B	TC	27-182-01		13.06.2021	INFO ONLY - GENERAL  LUBRICATE THE LEFT WING SPOILER MECHANICAL CONTRO	OK-FTP/H-21 BRIDGE	73J	13.939726	03.06.2021	24.06.2021	13.06.2021	
6559379	50456	LEHOVECU	13.06.2021	06:50	13.06.2021	08:25	1.580000	SHM	HM_L1_S_B	M	5567115	ZL-300-GVI-10000-1-000	13.06.2021	FINDING (NRC) TASKCARD ZL-300-GVI-10000-1-000 (7)  EXT.-WATER COLLEKTOR OF TAIL CONE WAS FOUND CRACKE	GFS/H-21/K+2K+4K+C+ADD WORKS	ATR-72	19.652054	01.06.2021	21.06.2021	13.06.2021	GFS/MAY-ROF-21
6559378	50466	CASLAVAO	13.06.2021	06:50	13.06.2021	08:25	1.580000	SHM	HM_L1_S_B	M	5567115	ZL-300-GVI-10000-1-000	13.06.2021	FINDING (NRC) TASKCARD ZL-300-GVI-10000-1-000 (7)  EXT.-WATER COLLEKTOR OF TAIL CONE WAS FOUND CRACKE	GFS/H-21/K+2K+4K+C+ADD WORKS	ATR-72	19.652054	01.06.2021	21.06.2021	13.06.2021	GFS/MAY-ROF-21
6559377	51379	KINDLO	13.06.2021	00:00	13.06.2021	00:00	0.000000	SHM	HM_L3_S_B	M	5569866	ZL-531-01-1	13.06.2021	# 1 # FINDING (NRC) TASKCARD ZL-531-01-1 (1.0) / I SHM : LH WING, FAIRING NO.2 : THE NUT ON INBD SIDE	OH-LZK/H-21 C04	32B	7.320547	05.06.2021	15.06.2021	13.06.2021	LZK/C04-RWF-21
6559376	50433	PICHLERT	13.06.2021	06:30	13.06.2021	07:58	1.470000	AVIO	HM_L3_A_B	TC	344800-320		13.06.2021	UPDATE EGPWS TERRAIN DATABASE UPDATE EGPWS TERRAIN DATABASE	OH-LZK/H-21 C04	32B	7.320547	05.06.2021	15.06.2021	13.06.2021	
6559373	50847	BUSILC	13.06.2021	09:38	13.06.2021	11:39	2.020000	MECH-EXT	HM_L3_F_B	S	5546356		13.06.2021	#1# WINGS-OUTBOARD FLAP PLEASE PERFORM FIN WO 4677287  A320-57-1199 WINGS-	OH-LZK/H-21 C04	32B	7.320547	05.06.2021	15.06.2021	13.06.2021	LZK/C04-AD-21
6559370	51655	SIRYM	13.06.2021	09:34	13.06.2021	11:09	1.580000	MECH-EXT	HM_L2_F_B	S	5428058			EXT OPENING FOR SCHEDULED ROUTINE TASKS SYSTEM: EXTERIOR   OPEN ACCESS PANELS REQUIRED BY	GFS/H-21/K+2K+4K+C+ADD WORKS	ATR-72	19.652054	01.06.2021	21.06.2021	13.06.2021	GFS/MAY-RO-21
6559369	51704	MORAVECW	13.06.2021	09:34	13.06.2021	11:09	1.580000	MECH-EXT	HM_L2_F_B	S	5428058			EXT OPENING FOR SCHEDULED ROUTINE TASKS SYSTEM: EXTERIOR   OPEN ACCESS PANELS REQUIRED BY	GFS/H-21/K+2K+4K+C+ADD WORKS	ATR-72	19.652054	01.06.2021	21.06.2021	13.06.2021	GFS/MAY-RO-21
6559365	51668	KEKELYZ	13.06.2021	09:12	13.06.2021	11:02	1.830000	MECH-INT	HM_L3_I_B	M	5570083	335100-001	13.06.2021	FINDING (NRC) TASKCARD 335100-001 (1.0) / ITEM 1 INT: THE FILTER FILM FROM EMERGENCY ESCAPE PATH MA	OH-LZK/H-21 C04	32B	7.320547	05.06.2021	15.06.2021	13.06.2021	LZK/C04-ROF-21
6559364	51668	KEKELYZ	13.06.2021	07:40	13.06.2021	08:56	1.270000	MECH-INT	HM_L3_I_B	M	5570083	335100-001	13.06.2021	FINDING (NRC) TASKCARD 335100-001 (1.0) / ITEM 1 INT: THE FILTER FILM FROM EMERGENCY ESCAPE PATH MA	OH-LZK/H-21 C04	32B	7.320547	05.06.2021	15.06.2021	13.06.2021	LZK/C04-ROF-21
6559361	51489	SVATOSJ	13.06.2021	06:30	13.06.2021	12:00	5.500000	SHM	HM_L2_S_B	M	5569840	ZL-141-GVI-10050-1		FINDING (NRC) TASKCARD ZL-141-GVI-10050-1 (0) / IT CORROSION WAS FOUND AT FLOOR BEAM 38 (UPPER FLANGE	GFS/H-21/K+2K+4K+C+ADD WORKS	ATR-72	19.652054	01.06.2021	21.06.2021	13.06.2021	GFS/2K-RWF-21
6559360	51516	KRYDAJ	13.06.2021	06:30	13.06.2021	12:00	5.500000	SHM	HM_L2_S_B	M	5569840	ZL-141-GVI-10050-1		FINDING (NRC) TASKCARD ZL-141-GVI-10050-1 (0) / IT CORROSION WAS FOUND AT FLOOR BEAM 38 (UPPER FLANGE	GFS/H-21/K+2K+4K+C+ADD WORKS	ATR-72	19.652054	01.06.2021	21.06.2021	13.06.2021	GFS/2K-RWF-21
6559355	51704	MORAVECW	13.06.2021	06:40	13.06.2021	08:55	2.250000	MECH-EXT	HM_L2_F_B	S	5428058			EXT OPENING FOR SCHEDULED ROUTINE TASKS SYSTEM: EXTERIOR   OPEN ACCESS PANELS REQUIRED BY	GFS/H-21/K+2K+4K+C+ADD WORKS	ATR-72	19.652054	01.06.2021	21.06.2021	13.06.2021	GFS/MAY-RO-21
6559353	51655	SIRYM	13.06.2021	06:40	13.06.2021	08:55	2.250000	MECH-EXT	HM_L2_F_B	S	5428058			EXT OPENING FOR SCHEDULED ROUTINE TASKS SYSTEM: EXTERIOR   OPEN ACCESS PANELS REQUIRED BY	GFS/H-21/K+2K+4K+C+ADD WORKS	ATR-72	19.652054	01.06.2021	21.06.2021	13.06.2021	GFS/MAY-RO-21
6559352	50812	CUDRAKV	13.06.2021	07:22	13.06.2021	08:24	1.030000	MECH-EXT	HM_L2_F_B	M	5569846	571409-DVI-10000-1-000	13.06.2021	FINDING (NRC) TASKCARD 571409-DVI-10000-1-000 (6)  EXT-THE LOWER HORIZONTAL FLANGE ON L/H WING CENTER	GFS/H-21/K+2K+4K+C+ADD WORKS	ATR-72	19.652054	01.06.2021	21.06.2021	13.06.2021	GFS/4K-RWF-21
6559351	50812	CUDRAKV	13.06.2021	06:00	13.06.2021	07:00	1.000000	MECH-EXT	HM_L2_F_B	M	5569846	571409-DVI-10000-1-000	13.06.2021	FINDING (NRC) TASKCARD 571409-DVI-10000-1-000 (6)  EXT-THE LOWER HORIZONTAL FLANGE ON L/H WING CENTER	GFS/H-21/K+2K+4K+C+ADD WORKS	ATR-72	19.652054	01.06.2021	21.06.2021	13.06.2021	GFS/4K-RWF-21
6559350	50812	CUDRAKV	13.06.2021	07:00	13.06.2021	07:22	0.370000	MECH-EXT	HM_L2_F_B	M	5569959	571213-DVI-10000-1-000	13.06.2021	FINDING (NRC) TASKCARD 571213-DVI-10000-1-000 (5)  EXT-THE LOWER HORIZONTAL FLANGE ON R/H WING CENTER	GFS/H-21/K+2K+4K+C+ADD WORKS	ATR-72	19.652054	01.06.2021	21.06.2021	13.06.2021	GFS/4K-RWF-21
6559348	50801	DVORACEV	13.06.2021	07:30	13.06.2021	08:16	0.770000	SHM	HM_L2_S_B	M	5566361	ZL-230-GVI-10010-1-000	13.06.2021	FINDING (NRC) TASKCARD ZL-230-GVI-10010-1-000 (7)  DENT WAS FOUND AT FUSELAGE SKIN BTW FR 23C - 23D (	GFS/H-21/K+2K+4K+C+ADD WORKS	ATR-72	19.652054	01.06.2021	21.06.2021	13.06.2021	GFS/1C-RWF-21
6559347	50631	BECHYNEI	13.06.2021	07:21	13.06.2021	07:52	0.520000	SHM	HM_L1_S_B	M	5566995	711000-GVI-10000-1-000	13.06.2021	FINDING (NRC) TASKCARD 711000-GVI-10000-1-000 (7)  ENG#2:  R/H PYLON AUXILIARY STRUCTURE  / UPPER COW	GFS/H-21/K+2K+4K+C+ADD WORKS	ATR-72	19.652054	01.06.2021	21.06.2021	13.06.2021	GFS/1C-RWF-21
6559345	50766	DVORACES	13.06.2021	08:00	13.06.2021	09:20	1.330000	PAINT	SH_VA_1	M	5570423	ZL-500-02-1	13.06.2021	FINDING (NRC) TASKCARD ZL-500-02-1 (1.0) / ITEM 1 PAINT: R/H & L/H WING: PLS RESTORE PAINT ON INBD F	OH-LZK/H-21 C04	32B	7.320547	05.06.2021	15.06.2021	13.06.2021	LZK/C04-RWF-21
6559340	50640	KLIMEST	13.06.2021	10:29	13.06.2021	11:27	0.970000	MECH-EXT	HM_L3_F_B	M	5570503	ZL-531-01-1		FINDING (NRC) TASKCARD ZL-531-01-1 (1.0) / ITEM 1 EXT - L/H WING - FLAP TRACK FAIRING NO 2 - THE FRE	OH-LZK/H-21 C04	32B	7.320547	05.06.2021	15.06.2021	13.06.2021	LZK/C04-RWF-21
6559339	50640	KLIMEST	13.06.2021	09:38	13.06.2021	10:29	0.850000	MECH-EXT	HM_L3_F_B	M	5570458	ZL-533-01-1		FINDING (NRC) TASKCARD ZL-533-01-1 (1.0) / ITEM 1 EXT - L/H WING - FLAP TRACK FAIRING NO 3 - THE FRE	OH-LZK/H-21 C04	32B	7.320547	05.06.2021	15.06.2021	13.06.2021	LZK/C04-RWF-21
6559338	50640	KLIMEST	13.06.2021	08:47	13.06.2021	09:38	0.850000	MECH-EXT	HM_L3_F_B	M	5570462	ZL-532-01-1	13.06.2021	FINDING (NRC) TASKCARD ZL-532-01-1 (1.0) / ITEM 1 EXT - R/H WING - FLAP TRACK FAIRING NO 3 - THE FRE	OH-LZK/H-21 C04	32B	7.320547	05.06.2021	15.06.2021	13.06.2021	LZK/C04-RWF-21
6559337	50640	KLIMEST	13.06.2021	07:56	13.06.2021	08:47	0.850000	MECH-EXT	HM_L3_F_B	M	5570464	ZL-531-01-1		FINDING (NRC) TASKCARD ZL-531-01-1 (1.0) / ITEM 1 EXT - R/H WING - FLAP TRACK FAIRING NO 2 - THE FRE	OH-LZK/H-21 C04	32B	7.320547	05.06.2021	15.06.2021	13.06.2021	LZK/C04-RWF-21
6559334	50631	BECHYNEI	13.06.2021	06:35	13.06.2021	07:21	0.770000	SHM	HM_L1_S_B	M	5566949	711000-GVI-10000-1-000	13.06.2021	FINDING (NRC) TASKCARD 711000-GVI-10000-1-000 (7)  ENG#1:  L/H PYLON AUXILIARY STRUCTURE  / UPPER COW	GFS/H-21/K+2K+4K+C+ADD WORKS	ATR-72	19.652054	01.06.2021	21.06.2021	13.06.2021	GFS/1C-RWF-21
6559332	50640	KLIMEST	13.06.2021	07:50	13.06.2021	07:56	0.100000	MECH-EXT	HM_L3_F_B	M	5570457	ZL-500-02-1	13.06.2021	FINDING (NRC) TASKCARD ZL-500-02-1 (1.0) / ITEM 1 EXT:L/H WING: THE OUTB FLAP TAB SECTION-SEAL WAS F	OH-LZK/H-21 C04	32B	7.320547	05.06.2021	15.06.2021	13.06.2021	LZK/C04-RWF-21
6559331	50640	KLIMEST	13.06.2021	07:49	13.06.2021	07:50	0.020000	MECH-EXT	HM_L3_F_B	M	5570042	281100-06-1	13.06.2021	#1# EXT, FUSELAGE / CTR TANK, PANEL 196BB, THE R/H WAT	OH-LZK/H-21 C04	32B	7.320547	05.06.2021	15.06.2021	13.06.2021	LZK/C04-RWF-21
6559330	50640	KLIMEST	13.06.2021	07:48	13.06.2021	07:49	0.020000	MECH-EXT	HM_L3_F_B	M	5570045	531900-03-1	13.06.2021	# 1 # FINDING (NRC) TASKCARD 531900-03-1 (1.0) / I EXT : FUSELAGE: THE DRAIN VALVES WERE FOUND UNSERV	OH-LZK/H-21 C04	32B	7.320547	05.06.2021	15.06.2021	13.06.2021	LZK/C04-RWF-21
6559329	50779	LUKESI	13.06.2021	06:18	13.06.2021	07:46	1.470000	SHM	HM_L3_S_B	S	5546356		13.06.2021	#1# WINGS-OUTBOARD FLAP PLEASE PERFORM FIN WO 4677287  A320-57-1199 WINGS-	OH-LZK/H-21 C04	32B	7.320547	05.06.2021	15.06.2021	13.06.2021	LZK/C04-AD-21
6559328	50766	DVORACES	13.06.2021	06:30	13.06.2021	08:00	1.500000	PAINT	SH_VA_1	M	5570812	ZL-471-01-5		FINDING (NRC) TASKCARD ZL-471-01-5 (1.0) / ITEM 1 ENG#1AND #2/PYLON THE PAINTING ON AFT FIX FAIRING	OH-LZK/H-21 C04	32B	7.320547	05.06.2021	15.06.2021	13.06.2021	LZK/C04-RWF-21
6559327	50801	DVORACEV	13.06.2021	06:35	13.06.2021	07:29	0.900000	SHM	HM_L2_S_B	M	5566356	ZL-230-GVI-10010-1-000	13.06.2021	FINDING (NRC) TASKCARD ZL-230-GVI-10010-1-000 (7)  TWO DENTS WERE FOUND AT FUSELAGE SKIN BTW FR 23B -	GFS/H-21/K+2K+4K+C+ADD WORKS	ATR-72	19.652054	01.06.2021	21.06.2021	13.06.2021	GFS/1C-RWF-21
6559326	50486	MIRACKYE	13.06.2021	07:29	13.06.2021	08:48	1.320000	MECH-LDG	HM_L2_L_B	M	5565776	081200-CSA-10000-1-000		FINDING (NRC) TASKCARD 081200-CSA-10000-1-000 (7)  LDG: DURING THE LANDING GEAR SHOCK ABSORBER CHECK	GFS/H-21/K+2K+4K+C+ADD WORKS	ATR-72	19.652054	01.06.2021	21.06.2021	13.06.2021	GFS/4K-RWF-21
6559325	50796	BOUMAE	13.06.2021	07:27	13.06.2021	08:48	1.350000	MECH-LDG	HM_L2_L_B	M	5565776	081200-CSA-10000-1-000		FINDING (NRC) TASKCARD 081200-CSA-10000-1-000 (7)  LDG: DURING THE LANDING GEAR SHOCK ABSORBER CHECK	GFS/H-21/K+2K+4K+C+ADD WORKS	ATR-72	19.652054	01.06.2021	21.06.2021	13.06.2021	GFS/4K-RWF-21
6559321	52017	BOSKAP	13.06.2021	06:30	13.06.2021	07:00	0.500000	MECH-INT	HM_L4_I_B	M	5572339	53-874-00		FINDING (NRC) TASKCARD 53-874-00 (0) / ITEM 1 SHM.  DURING GVI INSPECTION WAS FOUND BURN MARK ON	OK-FTP/H-21 BRIDGE	73J	13.939726	03.06.2021	24.06.2021	13.06.2021	FTP/8Y-CRF-21
6559320	50578	TYLEA	13.06.2021	06:30	13.06.2021	07:00	0.500000	SHM	HM_L3_S_B	M	5570857	ZL-451-01-2 A	13.06.2021	#1#FINDING (NRC) TASKCARD ZL-451-01-2 A (1.0) / IT ENG#2 L/H  TRANSLATING SLEEVE MISSING RIVET WAS FO	OH-LZK/H-21 C04	32B	7.320547	05.06.2021	15.06.2021	13.06.2021	LZK/C04-RWF-21
6559319	51294	GAZAO	13.06.2021	06:30	13.06.2021	07:00	0.500000	SHM	HM_L3_S_B	M	5569866	ZL-531-01-1	13.06.2021	# 1 # FINDING (NRC) TASKCARD ZL-531-01-1 (1.0) / I SHM : LH WING, FAIRING NO.2 : THE NUT ON INBD SIDE	OH-LZK/H-21 C04	32B	7.320547	05.06.2021	15.06.2021	13.06.2021	LZK/C04-RWF-21
6559318	51379	KINDLO	13.06.2021	06:30	13.06.2021	07:00	0.500000	SHM	HM_L3_S_B	M	5569866	ZL-531-01-1	13.06.2021	# 1 # FINDING (NRC) TASKCARD ZL-531-01-1 (1.0) / I SHM : LH WING, FAIRING NO.2 : THE NUT ON INBD SIDE	OH-LZK/H-21 C04	32B	7.320547	05.06.2021	15.06.2021	13.06.2021	LZK/C04-RWF-21
6559317	50638	RADAL	13.06.2021	06:22	13.06.2021	08:56	2.570000	MECH-INT	HM_L3_I_B	S	5547741			#1# RESERVOIR ASSY PERFORM FIN WO 4546339  REPLACEMENT OF THE INFLATI	OH-LZK/H-21 C04	32B	7.320547	05.06.2021	15.06.2021	13.06.2021	LZK/C04-RO-21
6559315	50796	BOUMAE	13.06.2021	06:30	13.06.2021	07:27	0.950000	MECH-LDG	HM_L2_L_B	M	5567085	ZL-700-GVI-10000-1-000		LDG FINDING ZL-700-GVI-10000-1-000 - BELLY FAIRING DURING GVI OF PANEL 196AP AFTER REMOVING WAS FOUND	GFS/H-21/K+2K+4K+C+ADD WORKS	ATR-72	19.652054	01.06.2021	21.06.2021	13.06.2021	GFS/MAY-ROF-21
6559313	51220	SASSI	13.06.2021	06:57	13.06.2021	10:54	3.950000	MECH-LDG	HM_L3_L_B	S	5564958			TECHNICAL CLEANING FOR PLANNED WORKS PERFORM TECHNICAL CLEANING OF THE RELATED AIRCRAFT	OH-LZK/H-21 C04	32B	7.320547	05.06.2021	15.06.2021	13.06.2021	LZK/C04-RW-21
6559312	51654	LAGAM	13.06.2021	06:57	13.06.2021	10:54	3.950000	MECH-LDG	HM_L3_L_B	S	5564958			TECHNICAL CLEANING FOR PLANNED WORKS PERFORM TECHNICAL CLEANING OF THE RELATED AIRCRAFT	OH-LZK/H-21 C04	32B	7.320547	05.06.2021	15.06.2021	13.06.2021	LZK/C04-RW-21
6559308	51654	LAGAM	13.06.2021	06:41	13.06.2021	06:57	0.270000	MECH-LDG	HM_L3_L_B	M	5567096	5523937		FINDING (NRC) W/O 5523937 LDG/BASED ON AMM TASK 10-30-00-554-005-A RETURN TO	OH-LZK/L-PARKING-11/21	32B	6.753424	10.11.2020	29.05.2021	13.06.2021	FIN/PAR-F-21
6559307	51220	SASSI	13.06.2021	06:49	13.06.2021	06:57	0.130000	MECH-LDG	HM_L3_L_B	M	5567096	5523937		FINDING (NRC) W/O 5523937 LDG/BASED ON AMM TASK 10-30-00-554-005-A RETURN TO	OH-LZK/L-PARKING-11/21	32B	6.753424	10.11.2020	29.05.2021	13.06.2021	FIN/PAR-F-21
6559306	50609	KAMRLAO	13.06.2021	06:49	13.06.2021	06:56	0.120000	MECH-LDG	HM_L3_L_B	M	5567096	5523937		FINDING (NRC) W/O 5523937 LDG/BASED ON AMM TASK 10-30-00-554-005-A RETURN TO	OH-LZK/L-PARKING-11/21	32B	6.753424	10.11.2020	29.05.2021	13.06.2021	FIN/PAR-F-21
6559303	50279	CERVENYI	13.06.2021	06:45	13.06.2021	09:49	3.070000	MECH-EXT	HM_L3_F_B	S	5546356		13.06.2021	#1# WINGS-OUTBOARD FLAP PLEASE PERFORM FIN WO 4677287  A320-57-1199 WINGS-	OH-LZK/H-21 C04	32B	7.320547	05.06.2021	15.06.2021	13.06.2021	LZK/C04-AD-21
6559301	51341	ROSAV	13.06.2021	06:30	13.06.2021	09:55	3.420000	SHM	HM_L4_S_B	M	5567048	53-050-00		FINDING (NRC) TASKCARD 53-050-00 (0) / ITEM 1 LDG/KOM/SHM: CRACK WAS FOUND ON THE EXISTING VAPOR	OK-FTP/H-21 BRIDGE	73J	13.939726	03.06.2021	24.06.2021	13.06.2021	FTP/8Y-RWF-21
6559299	50454	SMEHLIKI	13.06.2021	06:30	13.06.2021	09:00	2.500000	SHM	HM_L4_S_B	M	5567048	53-050-00		FINDING (NRC) TASKCARD 53-050-00 (0) / ITEM 1 LDG/KOM/SHM: CRACK WAS FOUND ON THE EXISTING VAPOR	OK-FTP/H-21 BRIDGE	73J	13.939726	03.06.2021	24.06.2021	13.06.2021	FTP/8Y-RWF-21
6559295	51327	KOZELS	13.06.2021	06:43	13.06.2021	07:10	0.450000	MECH-INT	HM_L4_I_B	M	5572356	53-864-00		FINDING (NRC) TASKCARD 53-864-00 (0) / ITEM 1 SHM:  DURING GVI INSPECTION WAS FOUND BURN MARK ON	OK-FTP/H-21 BRIDGE	73J	13.939726	03.06.2021	24.06.2021	13.06.2021	FTP/8Y-CRF-21
6559293	51569	PAVLIKO	13.06.2021	06:43	13.06.2021	09:04	2.350000	MECH-INT	HM_L3_I_B	S	5564834			INT OPENING  FOR SCHEDULED ROUTINE TASKS SYSTEM: INTERIOR  OPEN ACCESS PANELS REQUIRED BY S	OH-LZK/H-21 C04	32B	7.320547	05.06.2021	15.06.2021	13.06.2021	LZK/C04-RW-21
6559291	51668	KEKELYZ	13.06.2021	06:42	13.06.2021	07:40	0.970000	MECH-INT	HM_L3_I_B	S	5564834			INT OPENING  FOR SCHEDULED ROUTINE TASKS SYSTEM: INTERIOR  OPEN ACCESS PANELS REQUIRED BY S	OH-LZK/H-21 C04	32B	7.320547	05.06.2021	15.06.2021	13.06.2021	LZK/C04-RW-21
6559289	51720	CERVENYL	13.06.2021	06:42	13.06.2021	08:40	1.970000	MECH-INT	HM_L4_I_B	M	5572303	53-858-00		FINDING (NRC) TASKCARD 53-858-00 (0) / ITEM 1 SHM: DURING GVI INSPECTION WAS FOUND BURN MARK ON	OK-FTP/H-21 BRIDGE	73J	13.939726	03.06.2021	24.06.2021	13.06.2021	FTP/8Y-CRF-21
6559288	50486	MIRACKYE	13.06.2021	06:30	13.06.2021	07:29	0.980000	MECH-LDG	HM_L2_L_B	M	5567159	ZL-732-GVI-10000-1-000		LDG FINDING ZL-732-GVI-10000-1-000 - LH FOLDING DO DURING GVI OF LH FOLDING DOOR WAS FOUND WORN SEALS	GFS/H-21/K+2K+4K+C+ADD WORKS	ATR-72	19.652054	01.06.2021	21.06.2021	13.06.2021	GFS/1C-RWF-21
6559284	50766	DVORACES	13.06.2021	06:00	13.06.2021	06:30	0.500000	PAINT	SH_VA_1	M	5567385	ZL-300-02-1	13.06.2021	FINDING (NRC) TASKCARD ZL-300-02-1 (1.0) / ITEM 1 EXT.LAK.TAIL: THE PAINT WAS FOUND ABRADED AT SOME	OH-LZK/H-21 C04	32B	7.320547	05.06.2021	15.06.2021	13.06.2021	LZK/C04-RWF-21
6559281	50847	BUSILC	13.06.2021	06:22	13.06.2021	09:38	3.270000	MECH-EXT	HM_L3_F_B	M	5567144	110000-005		FINDING (NRC) TASKCARD 110000-005 (1.0) / ITEM 1 EXT: L/H WING: PLACARD "WATER DRAIN VALVE" WAS FOU	OH-LZK/H-21 C04	32B	7.320547	05.06.2021	15.06.2021	13.06.2021	LZK/C04-ROF-21
6559280	50797	CHLUPD	13.06.2021	06:21	13.06.2021	09:44	3.380000	MECH-EXT	HM_L3_F_B	TC	274100-05-1		13.06.2021	THS MECHANICAL CONTROL   LUBRICATION OF THS MECHAN	OH-LZK/H-21 C04	32B	7.320547	05.06.2021	15.06.2021	13.06.2021	
6559279	51719	FIALAT	13.06.2021	06:17	13.06.2021	11:30	5.220000	MECH-EXT	HM_L3_F_B	S	5564833			EXT OPENING FOR SCHEDULED ROUTINE TASKS SYSTEM: EXTERIOR   OPEN ACCESS PANELS REQUIRED BY	OH-LZK/H-21 C04	32B	7.320547	05.06.2021	15.06.2021	13.06.2021	LZK/C04-RW-21
6559278	52147	KLECAKJ	13.06.2021	06:17	13.06.2021	11:30	5.220000	MECH-EXT	HM_L3_F_B	S	5564833			EXT OPENING FOR SCHEDULED ROUTINE TASKS SYSTEM: EXTERIOR   OPEN ACCESS PANELS REQUIRED BY	OH-LZK/H-21 C04	32B	7.320547	05.06.2021	15.06.2021	13.06.2021	LZK/C04-RW-21
6559276	50640	KLIMEST	13.06.2021	06:16	13.06.2021	07:48	1.530000	MECH-EXT	HM_L3_F_B	S	5564833			EXT OPENING FOR SCHEDULED ROUTINE TASKS SYSTEM: EXTERIOR   OPEN ACCESS PANELS REQUIRED BY	OH-LZK/H-21 C04	32B	7.320547	05.06.2021	15.06.2021	13.06.2021	LZK/C04-RW-21
